id	rule	price	store	tier	title
1807859	AUTOMOTIVE	619000	esam	L2_ai_cache	اوکتان بنزین مایکل اورجینال تحت لیسانس آلمان
1805117	BLADE	850000	esam	L2_ai_cache	چاقو طبیعت گردی AK530
1660779	BLADE	790000	esam	L2_ai_cache	چاقو شکاری دسته کنفی
1708016	BLADE	780000	esam	L2_ai_cache	چاقو مرد جنگی طناب پیچ
1638524	BLADE	770000	esam	L2_ai_cache	چاقو پرتابی 3 تایی زنجانی طرح تتو
1707127	BLADE	112000	esam	L2_ai_cache	تپانچه ورزشی هدف زنی ایرانی
1638408	CAMERA	5000000	esam	L2_ai_cache	fujifilm Finepix 4900Zoom دوربین دیجیتال 1990
1660446	CAMERA	5000000	esam	L2_ai_cache	دوربین قدیمی نوستالژی
1707900	CAMERA	4200000	esam	L2_ai_cache	ویدئو پروژکتور اینفوکوس استوک آمریکا(کمترین هزینه)
1661058	CAMERA	4000000	esam	L2_ai_cache	مجموعه کنتاکتور،لنز ،دانگل ،هیتسینگ
1706809	CAMERA	3900000	esam	L2_ai_cache	ویدئو پروژکتور INFOCUS ساخت USA(فوری)
1638337	CAMERA	3500000	esam	L2_ai_cache	ویدئو پروژکتور استوک EIKI(باتخفیف ویژه)
1730911	CAMERA	3500000	esam	L2_ai_cache	مجموعه 24 عددی تونل ویدئو پروژکتور
1706412	CAMERA	3300000	esam	L2_ai_cache	دوربین دیجیتال کنون
1660725	CAMERA	3000000	esam	L3_queue	پایه دوربین benro t66o ex
1707196	CAMERA	3000000	esam	L2_ai_cache	دوربین دیجیتال 5137 DSC-W310
1730910	CAMERA	3000000	esam	L2_ai_cache	ویدیو پروژکتور اینفوکوس استوک آمریکا سالم
1706741	CAMERA	2750000	esam	L3_queue	سینی هاما با قابلیت نصب سه پایه PROJECTOR PLATTE
1660616	CAMERA	2700000	esam	L3_queue	دوربین عکاسی مطابق عکس تمیز
1638403	CAMERA	2500000	esam	L3_queue	دوربین عکاسی Rollei آلمان (کد 234)
1638407	CAMERA	1995000	esam	L3_queue	دوربین عکاسی و فیلم فوجی فیلم a900
1705834	CAMERA	1000000	esam	L3_queue	دوربین عکاسی قدیمی توضیحات دارد
1706409	CAMERA	1000000	esam	L3_queue	دوربین دیجیتال GVC F1.2 5179
1708184	CAMERA	1000000	esam	L3_queue	دوربین عکاسی قدیمی 1 تومن
36003	CAMERA	949050	esam	L1_inherit	دوربین پوینت اند شوت سامیکا sx1
1707116	CAMERA	856068	esam	L2_ai_cache	پروژکتور خورشیدی و شارژی
1705972	CAMERA	807500	esam	L3_queue	فلاش دوربین عکاسی یونومات UNOMAT آلمانی
1806146	CAMERA	800000	esam	L3_queue	دوربین عکاسی سالم
1705977	CAMERA	750000	esam	L3_queue	پای دوربین سالم
1705965	CAMERA	650000	esam	L3_queue	فیلتر لنز دوربین آنالوگ(M52) تبدیل نور به شعاع
1706114	CAMERA	650000	esam	L3_queue	فلاش حرفه ای دوربین عکاسی آنالوگ
1660849	CAMERA	600000	esam	L2_ai_cache	دوربین قدیمی FODAK
33936	CAMERA	500000	esam	L2_ai_cache	مزایده دوربین عکاسی قدیمی 500 هزار تومن
1705815	CAMERA	500000	esam	L3_queue	دوربین عکاسی دیجیتال Cannon Power shot A495 5310
1705979	CAMERA	450000	esam	L3_queue	2 جلد دوربین کدام و لمو روسی
1707373	CAMERA	400000	esam	L3_queue	بند دوربین مارک زنیت ZENIT (کد 13832)
1707374	CAMERA	370000	esam	L3_queue	بند دوربین مارک زنیت ZENIT (کد 11617)
1708310	CLOTHING	3290000	esam	L2_ai_cache	کت اسپرت GOCCI ترک بینظیر
1806166	CLOTHING	799000	esam	L2_ai_cache	کاپشن سایز بزرگ اورجینال cabano عتیقه
1660858	CLOTHING	750000	esam	L2_ai_cache	حراج کاپشن اورجینال Guy Laroche Paris کلکسیونی
1660902	CLOTHING	699000	esam	L2_ai_cache	شلوار 3XL اورجینال شمعی مناسب ورزش و زمستون و
1660932	CLOTHING	699000	esam	L2_ai_cache	کاپشن بادگیر بوش اورجینال عتیقه و کمیاب
1660836	CLOTHING	600000	esam	L2_ai_cache	مانتو کبریتی مخمل قد 90 سایز xL رنگ خردلی
1756093	CLOTHING	590000	esam	L2_ai_cache	حراج پیراهن سایز 38 طرح Benson
1756098	CLOTHING	590000	esam	L2_ai_cache	حراج پیراهن سایز L طرح VENIZ
1638834	CLOTHING	499250	esam	L2_ai_cache	حراج پیراهن سایز L طرح VENIZ
1638816	CLOTHING	499000	esam	L2_ai_cache	پیراهن زمستانی مردانه جنس کشی حراجی
1660986	CLOTHING	499000	esam	L2_ai_cache	کاپشن بادگیر اورجینال beluss عتیقه و کمیاب
1705927	CLOTHING	499000	esam	L2_ai_cache	حراج پیراهن سایز XL طرح VENIZ
1707984	CLOTHING	499000	esam	L2_ai_cache	حراج پیراهن سایز L طرح VENIZ
1708099	CLOTHING	499000	esam	L2_ai_cache	حراج پیراهن سایز M طرح Benison
1708139	CLOTHING	498000	esam	L2_ai_cache	حراج پیراهن سایز XXL طرح VENIZ (قواره کوچک)
1708151	CLOTHING	497000	esam	L2_ai_cache	حراج پیراهن سایز L طرح VENIZ
1705982	CLOTHING	493000	esam	L2_ai_cache	حراج پیراهن سایز L طرح ZARA
1708119	CLOTHING	489000	esam	L2_ai_cache	حراج پیراهن سایز L طرح VENIZ
1708108	CLOTHING	485000	esam	L2_ai_cache	حراج پیراهن سایز L طرح VENIZ
1707816	CLOTHING	243321	esam	L2_ai_cache	تی شرت مردانه سبز ایکس لارژ جنس خوب
1660536	CLOTHING	130000	esam	L2_ai_cache	تیشرت اسپرت مردانه شیک
1660415	COLLECTIBLE	9790000	esam	L3_queue	اسپیکر اورجینال ادیفایر، کمیاب، حرفه ای، باکیفیت
1706068	COLLECTIBLE	4999000	esam	L2_ai_cache	کوسه خشک شده کلکسیونی
1638358	COLLECTIBLE	4399000	esam	L3_queue	قاب آینه مسی آنتیک قاجاری
400984	COLLECTIBLE	3500000	esam	L2_ai_cache	12 جلد مجله تاتر و سینمای ایتالیایی آنتیک
1705796	COLLECTIBLE	3299000	esam	L2_ai_cache	چاشنی پر کن فشنگ کلکسیونی و آنتیک پهلوی
1660563	COLLECTIBLE	3000000	esam	L2_ai_cache	ماکت دوج کلکسیونی
1708107	COLLECTIBLE	2950000	esam	L2_ai_cache	قاجاری کهنه و تک در ایران فوق کلکسیونی
34473	COLLECTIBLE	2120000	esam	L2_ai_cache	101 عددسکه خارجی متنوع کلکسیونی عالی گنجینه ارزشمند
1705935	COLLECTIBLE	2000000	esam	L2_ai_cache	لنوا کلکسیونی و قدیمی
1706655	COLLECTIBLE	1979000	esam	L2_ai_cache	دیوارکوب برنجی آنتیک پهلوی
1707133	COLLECTIBLE	1849000	esam	L2_ai_cache	ابزار قدیمی زیبا مهر کلکسیونی
1683096	COLLECTIBLE	1800000	esam	L2_ai_cache	زیرخاکی کلکسیونی تست نشده الکاتل
1541698	COLLECTIBLE	1500000	esam	L0_human	آلکاتل 101 کلکسیونی
1660485	COLLECTIBLE	1100000	esam	L3_queue	بازی فوق کمیاب تیکن هیبرید پلی 3 (توضیحات)
1638741	COLLECTIBLE	800000	esam	L2_ai_cache	50 سنتاووس بسیار کمیاب و زیبای کلمبیا ضرب 1968
1660490	COLLECTIBLE	798000	esam	L2_ai_cache	بسته 1000 افغانی (100 برگ) کلکسیونی کد 568
1756112	COLLECTIBLE	591000	esam	L2_ai_cache	حراج جلیقه مردانه جنس نرم و لطیف با مدلی کمیاب
1756208	COLLECTIBLE	590000	esam	L2_ai_cache	حراج جلیقه مردانه جنس نرم و لطیف با مدلی کمیاب
1638590	COLLECTIBLE	500000	esam	L2_ai_cache	2 قندان قدیمی زیبا و کلکسیونی
1638606	COLLECTIBLE	400000	esam	L3_queue	صفحه گرامافون 33 دور بزرگ کلکسیونی
1638628	COLLECTIBLE	400000	esam	L3_queue	صفحه گرامافون 33 کلکسیونی بسیار زیبا
1660758	COLLECTIBLE	250000	esam	L2_ai_cache	پک کره جنوبی بسیار نایاب 1973 ، 1988 ، 1989 ، 1990
1706997	COLLECTIBLE	250000	esam	L2_ai_cache	چندکاره قدیمی زیبا و کلکسیونی
1638682	COLLECTIBLE	200000	esam	L2_ai_cache	خودکار قدیمی برنجی کلکسیونی lamy
1706366	COLLECTIBLE	125000	esam	L2_ai_cache	عرج الجبل بینظیر و کمیاب کاملا طبیعی
1706131	COLLECTIBLE	120000	esam	L2_ai_cache	حراج سنجاق وارداتی قلبی کمیاب
439922	FOOTWEAR	3300000	esam	L2_ai_cache	سایز 46 اسپرت اسکیچرز ماساژو دار
1706629	FOOTWEAR	3300000	esam	L2_ai_cache	سایز 41 اسپرت skechers
1706000	FOOTWEAR	3200000	esam	L2_ai_cache	سایز 40 کفش طبی چرمی کلارک
1706506	FOOTWEAR	3200000	esam	L2_ai_cache	سایز 44 کفش طبی چرمی کلارک
1757016	FOOTWEAR	3200000	esam	L2_ai_cache	سایز 43 کفش طبی چرمی کلارک
1638318	FOOTWEAR	3100000	esam	L2_ai_cache	سایز 43 اسپرت skechers
1660830	FOOTWEAR	3100000	esam	L2_ai_cache	سایز 48 اسپرت skechers
1660998	FOOTWEAR	3100000	esam	L2_ai_cache	سایز 42 اسپرت skechers
1783450	FOOTWEAR	3100000	esam	L2_ai_cache	سایز 44 اسپرت skechers
1707262	FOOTWEAR	2800000	esam	L2_ai_cache	کفش اسپرت مردونه شیک و در حد نو
1706670	FOOTWEAR	2650000	esam	L2_ai_cache	سایز 40 کفش طرح اسکیچرز
1707556	FOOTWEAR	2500000	esam	L2_ai_cache	کفش سایز 39 زمستانی و کوهنوردی برند شیما
1707563	FOOTWEAR	1950000	esam	L2_ai_cache	کفش سایز 39 زمستانی و کوهنوردی برند شیما
1707587	FOOTWEAR	1950000	esam	L2_ai_cache	سایز 44 اسپرت skechers
1707778	FOOTWEAR	1900000	esam	L2_ai_cache	سایز 41 صندل آبنوردی
1706018	FOOTWEAR	1850000	esam	L2_ai_cache	سایز 38 اسپرت نیوبالانس
1781570	FOOTWEAR	1850000	esam	L2_ai_cache	سایز 43 اسپرت skechers
1806274	FOOTWEAR	1850000	esam	L2_ai_cache	سایز 42 اسپرت skechers
1707537	FOOTWEAR	1800000	esam	L2_ai_cache	سایز 36 کفش زمستانی و کوهنوردی PAMA
1706633	FOOTWEAR	850000	esam	L2_ai_cache	سایز 32 کفش Salomon دیسکی
1705993	FOOTWEAR	820000	esam	L2_ai_cache	کفش سایز 40 سالنی نایک
1706579	FOOTWEAR	799000	esam	L2_ai_cache	مزایده صندل پاشنه دار چرم 39
1638876	FOOTWEAR	750000	esam	L2_ai_cache	سایز 42 کفش فوتسال میزانو
1730908	FOOTWEAR	750000	esam	L2_ai_cache	سایز 40 کفش فوتسال
1638851	FOOTWEAR	720000	esam	L2_ai_cache	سایز 41 کفش فوتسال لوتو
1638901	FOOTWEAR	689000	esam	L2_ai_cache	سایز 44 کفش فوتسال
1638532	FOOTWEAR	650000	esam	L2_ai_cache	سایز 43 کفش فوتسال نایک دوردوخت
1707025	FOOTWEAR	650000	esam	L2_ai_cache	سایز 42 کفش فوتسال نایک
1756232	FOOTWEAR	650000	esam	L2_ai_cache	سایز 41 کفش فوتسال
1806904	FOOTWEAR	650000	esam	L2_ai_cache	سایز 40 کفش فوتسال نایک
1707963	FOOTWEAR	630000	esam	L2_ai_cache	سایز 40 کفش فوتسال نایک
1706995	FOOTWEAR	100000	esam	L2_ai_cache	کفش ایمنی پاتن تبریز سایز 42
1731057	HOUSEHOLD	3299000	esam	L2_ai_cache	سینی مسی قلمزنی پهلوی
1706663	HOUSEHOLD	2799000	esam	L2_ai_cache	منقل و کفه برنجی پهلوی
1706481	HOUSEHOLD	2419000	esam	L2_ai_cache	پارچ برنجی پهلوی
1731101	HOUSEHOLD	2199000	esam	L2_ai_cache	سینی مسی نقش دار پهلوی
1756209	HOUSEHOLD	2199000	esam	L2_ai_cache	سینی مسی قلمزنی دستی پهلوی
1707352	HOUSEHOLD	2089000	esam	L2_ai_cache	سینی برنجی پایه دار نقش دار پهلوی
1731093	HOUSEHOLD	2089000	esam	L2_ai_cache	سینی نقش دار برنجی پهلوی
1756103	HOUSEHOLD	1800000	esam	L2_ai_cache	پارچ ولیوان عتیقه
1638377	HOUSEHOLD	869000	esam	L2_ai_cache	مزایده 2 روزه 2 عدد مجسمه روح ایستاده هات
1660597	HOUSEHOLD	869000	esam	L2_ai_cache	مزایده 2 روزه 2 عدد مجسمه فوق خاص
1660811	HOUSEHOLD	869000	esam	L2_ai_cache	مزایده 2 روزه 2 عدد مجسمه روح نشسته
1707450	HOUSEHOLD	600000	esam	L2_ai_cache	فندک چرمی و وینتیج HONEST همراه با کاور چرم اصل
1806967	HOUSEHOLD	600000	esam	L2_ai_cache	فندک زیپو ژاپنی همراه با کاور چرم اصل
1706065	HOUSEHOLD	580000	esam	L2_ai_cache	سینی دیوارکوب مسی قطر 50 پهلوی
1706173	HOUSEHOLD	271000	esam	L2_ai_cache	فندک وارداتی مدل هندلی، درب دار، کوره ای
1707272	HOUSEHOLD	271000	esam	L2_ai_cache	فندک وارداتی طلایی رنگ، درب دار، کوره ای، هندلی
1706784	HOUSEHOLD	270000	esam	L2_ai_cache	فندک کمیاب وارداتی کوره ای روکش دار طرح قورباغه
1707139	HOUSEHOLD	270000	esam	L2_ai_cache	فندک وارداتی، درب دار، کوره ای، مدل هندلی
1707241	HOUSEHOLD	270000	esam	L2_ai_cache	فندک وارداتی طلایی، درب دار، کوره ای، مدل هندلی
1706452	HOUSEHOLD	267000	esam	L2_ai_cache	فندک کمیاب وارداتی کوره ای روکش دار طرح اژدها
1708095	HOUSEHOLD	261000	esam	L2_ai_cache	فندک اتمی فشنگی طلایی رنگ، وارداتی
1731088	HOUSEHOLD	261000	esam	L2_ai_cache	فندک بیلیارد کوره ای، روکش دار، وارداتی
1706346	HOUSEHOLD	260000	esam	L2_ai_cache	فندک کمیاب وارداتی کوره ای روکش دار طرح دار
1707616	HOUSEHOLD	259000	esam	L2_ai_cache	فندک اتمی، طرح پرندگان، برچسبی، وارداتی
1706973	HOUSEHOLD	255000	esam	L2_ai_cache	فندک اتمی، طرح پرندگان، برچسبی، وارداتی
1660389	HOUSEHOLD	253000	esam	L2_ai_cache	فندک اتمی طلایی رنگ، طرح برچسب عقاب، وارداتی
1706796	HOUSEHOLD	253000	esam	L2_ai_cache	فندک کمیاب وارداتی کوره ای روکش دار طرح دار
1708229	HOUSEHOLD	253000	esam	L2_ai_cache	فندک اتمی فشنگی طلایی رنگ، وارداتی
1707746	HOUSEHOLD	252000	esam	L2_ai_cache	فندک اتمی وارداتی، با طرح پرنده برچسبی
1708292	HOUSEHOLD	252000	esam	L2_ai_cache	فندک اتمی طلایی رنگ، طرح برچسب عقاب، وارداتی
1660439	HOUSEHOLD	251000	esam	L2_ai_cache	فندک اتمی طلایی رنگ، طرح برچسب ببر، وارداتی
1708053	HOUSEHOLD	250000	esam	L2_ai_cache	فندک اتمی، با طرح پرندگان، برچسبی، وارداتی
1660511	HOUSEHOLD	249000	esam	L2_ai_cache	فندک اتمی طلایی رنگ طرح برچسب شیر، وارداتی
1706803	HOUSEHOLD	249000	esam	L2_ai_cache	فندک اتمی، وارداتی، طرح اسب، برچسبی
1707029	HOUSEHOLD	249000	esam	L2_ai_cache	فندک اتمی، طرح پرندگان زیبا، برچسبی، وارداتی
1707427	HOUSEHOLD	249000	esam	L2_ai_cache	فندک اتمی، وارداتی، طرح دار، برچسبی
1707474	HOUSEHOLD	249000	esam	L2_ai_cache	فندک اتمی، طرح دار، برچسبی، وارداتی
1707513	HOUSEHOLD	249000	esam	L2_ai_cache	فندک اتمی، طرح دار زیبا، برچسبی، وارداتی
1707570	HOUSEHOLD	249000	esam	L2_ai_cache	فندک اتمی، طرح ببر زیبا، برچسبی، وارداتی
1708017	HOUSEHOLD	249000	esam	L2_ai_cache	فندک اتمی، طرح پرندگان، برچسبی، وارداتی
1706007	HOUSEHOLD	239000	esam	L2_ai_cache	فندک اتمی وارداتی، با طرح ببر برچسبی
1706957	HOUSEHOLD	230000	esam	L2_ai_cache	فندک وارداتی کوره ای، روکش دار طرح بیلیارد
1706856	HOUSEHOLD	220000	esam	L2_ai_cache	فندک بیلیارد کوره ای روکش دار طلایی رنگ ، وارداتی
1730913	HOUSEHOLD	215000	esam	L2_ai_cache	فندک وارداتی کوره ای، روکش دار طرح بیلیارد
1756189	HOUSEHOLD	212000	esam	L2_ai_cache	فندک وارداتی کوره ای، روکش دار، طرح بیلیارد
1706021	HOUSEHOLD	211000	esam	L2_ai_cache	فندک وارداتی کوره ای، روکش دار، طرح بیلیارد
1707062	HOUSEHOLD	211000	esam	L2_ai_cache	فندک بیلیارد کوره ای روکش دار طلایی رنگ ، وارداتی
1684310	JEWELLERY	215000000	divar	L0_human	14 پرومکس با(ضمانت طلا ویاچک صیادی)درپاژ
1639003	JEWELLERY	30000000	divar	L2_ai_cache	15نرمال/بدون چک و سفته/بازنشستگان/طلا
1759667	JEWELLERY	30000000	divar	L2_ai_cache	17pro/اقساط ویژه/چکی/ضمانت طلا٪ خرید آسان
1810548	JEWELLERY	30000000	divar	L2_ai_cache	باز نشسته تامین اجتماعی/17نرمال* اقساط &#x27; چکی/طلا/
259324	JEWELLERY	8000000	divar	L0_human	13 پرو با چک صیادی ضمانت طلا با 8 میلیون
1707591	JEWELLERY	5490000	esam	L2_ai_cache	یاقوت دونه اناری معدنی اصل برمه.کد 2
34943	JEWELLERY	5450000	esam	L2_ai_cache	زبرجد خوشرنگ معدنی اصل پاکستان.کد 13
1638769	JEWELLERY	5310000	esam	L2_ai_cache	انگشتر نقره 925 بانگین شجرزیبا
1706582	JEWELLERY	5000000	esam	L2_ai_cache	کلکسیونی تک درخت شجر طبیعی قائنات
1756192	JEWELLERY	5000000	esam	L2_ai_cache	انگشتر زمرد قاجاری
1783404	JEWELLERY	5000000	esam	L2_ai_cache	انگشتر حادو.قدرت ع.ث.م.ا.ن
1706927	JEWELLERY	4999000	esam	L2_ai_cache	فیروزه محک رگه طلایی خوشرنگ طبیعی اصل نیشابور
1706959	JEWELLERY	4999000	esam	L2_ai_cache	فیروزه محک رگه طلایی خوشرنگ و خاص طبیعی نیشابور
1706813	JEWELLERY	4499000	esam	L2_ai_cache	عقیق پرتقالی خوشرنگ آبدار طبیعی یمن بدون بهسازی
1706673	JEWELLERY	4400000	esam	L2_ai_cache	حراجی انگشتر شجر طبیعی قائنات کلکسیونی تک درخت
1706390	JEWELLERY	4000000	esam	L2_ai_cache	دستبند دستساز با مروارید پرورشی زیبا
1708078	JEWELLERY	4000000	esam	L2_ai_cache	حراجی انگشتر نقره 925 رکاب صفوی
1706142	JEWELLERY	3950000	esam	L2_ai_cache	یاقوت دونه اناری معدنی برمه .کد 28
1706717	JEWELLERY	3900000	esam	L2_ai_cache	زمرد غولپیکر خوشرنگ معدنی زامبیا(26 قیراطی)کد 5
1706035	JEWELLERY	3812000	esam	L2_ai_cache	انگشتر عقیق کد 1056
1660952	JEWELLERY	3500000	esam	L2_ai_cache	ساعت فول نگین والار با تقویم فعال شیک و جذاب
1706469	JEWELLERY	3499000	esam	L2_ai_cache	عقیق زرد دست تراش آبدار اصل یمن با رنگ طبیعی
1660699	JEWELLERY	3450000	esam	L2_ai_cache	فیروزه آبی خوش رنگ نیشابوری طبیعی 053
1708012	JEWELLERY	3300000	esam	L2_ai_cache	حراجی شجر کلکسیونی قائنات 16 در 21
1638800	JEWELLERY	3250000	esam	L2_ai_cache	عقیق یمن خوشرنگ معدنی.کد 29
1661011	JEWELLERY	3200000	esam	L2_ai_cache	انگشتر شجر طبیعی قائنات منظره کلکسیونی
1706219	JEWELLERY	3200000	esam	L2_ai_cache	گردنبند زیبای love با سنگ معدنی
1706517	JEWELLERY	3195000	esam	L2_ai_cache	انگشتر زنانه یاقوت کبود سنتتیک 003
1660784	JEWELLERY	3190000	esam	L2_ai_cache	گوشواره نقره 925 وزن 4.4 خارجی زیبا با فاکتورمعتبر
1708305	JEWELLERY	3100000	esam	L2_ai_cache	مهره سنگ عقیق سلیمانی بینظیر
1706380	JEWELLERY	3000000	esam	L2_ai_cache	انگشتر زیبای قدیمی با رکاب مشابه طلا و سنگ عقیق
1756115	JEWELLERY	3000000	esam	L2_ai_cache	انگشتر مطیع العباد موگی ع.م.ر
1806002	JEWELLERY	2950000	esam	L2_ai_cache	عقیق فوق آبدارغولپیکرمعدنی خراسان.کد 48
1638681	JEWELLERY	2900000	esam	L2_ai_cache	فیروزه خوشرنگ معدنی نیشابور.کد S14
1708051	JEWELLERY	2750000	esam	L2_ai_cache	حراجی انگشتر شجر طبیعی قائنات
1577905	JEWELLERY	2700000	esam	L2_ai_cache	حراجی همکاری 10 عدد انگشتر شرف الشمس حرز دار
33857	JEWELLERY	2698000	esam	L2_ai_cache	200 عدد باباقوری هندی طبیعی
1638881	JEWELLERY	2500000	esam	L2_ai_cache	تسبیح مریم بانوی بی نظیر
1708182	JEWELLERY	2500000	esam	L2_ai_cache	حراجی انگشتر شجر طبیعی قائنات سر شاخه طلایی
1638623	JEWELLERY	2490000	esam	L2_ai_cache	فیروزه عنکبوتی رگه طلایی معدنی نیشابور.کد S15
1660421	JEWELLERY	2450000	esam	L2_ai_cache	زبرجد خوشرنگ معدنی اصل پاکستان.کد 21
1660582	JEWELLERY	2450000	esam	L2_ai_cache	فیروزه خوشرنگ معدنی نیشابور.کد 154
1708040	JEWELLERY	2450000	esam	L2_ai_cache	حراجی انگشتر شجر طبیعی قائنات
1063938	JEWELLERY	2400000	esam	L2_ai_cache	کشکول خاص وبینظیر 103
1708167	JEWELLERY	2300000	esam	L2_ai_cache	انگشتر شجر قائنات مصور درخت
1683161	JEWELLERY	2250000	esam	L2_ai_cache	فیروزه شجری خوشرنگ معدنی نیشابور.کد 160
1660570	JEWELLERY	2245000	esam	L2_ai_cache	زبرجد خوشرنگ معدنی اصل پاکستان.کد 19
1706659	JEWELLERY	2200000	esam	L2_ai_cache	انگشتر شجر طبیعی قائنات منظره جنگل زیبا
1708004	JEWELLERY	2200000	esam	L2_ai_cache	انگشتر شجر طبیعی قائنات منظره زیبا
1708085	JEWELLERY	2200000	esam	L2_ai_cache	انگشتر شجر مصور گنجشک
1638520	JEWELLERY	2000000	esam	L2_ai_cache	انتیک بخر. جفت رکاب یا پای فلزی بالا رفتن تبر برق
1706593	JEWELLERY	2000000	esam	L2_ai_cache	انگشتر شجر طبیعی قائنات منظره جنگل زیبا
1707982	JEWELLERY	2000000	esam	L2_ai_cache	انگشتر نقره 925 فیروزه کرمان
1708061	JEWELLERY	1999000	esam	L2_ai_cache	عقیق پرتقالی بشدت خوشرنگ آبدار اصل معدنی خراسان
32974	JEWELLERY	1990000	esam	L2_ai_cache	زبرجد خوشرنگ معدنی پاکستان.کد 10
32985	JEWELLERY	1990000	esam	L2_ai_cache	زبرجد خوشرنگ معدنی پاکستان.کد 11
34149	JEWELLERY	1990000	esam	L2_ai_cache	زبرجد خوشرنگ معدنی اصل پاکستان.کد 16
514471	JEWELLERY	1990000	esam	L2_ai_cache	سیترین خوشرنگ معدنی آفریقای.کد 11
1706300	JEWELLERY	1980000	esam	L2_ai_cache	تسبیح 101 دانه یاقوت زرد طبع برمه منگوله خاص نایاب
1707002	JEWELLERY	1950000	esam	L2_ai_cache	ساعت زنانه بسیار جذاب یاقوت سبز سنتاتیک
1756204	JEWELLERY	1900000	esam	L2_ai_cache	منشور بزرگ کلکسیونی سنگ کوارتز طبیعی بزرگ
1638350	JEWELLERY	1890000	esam	L2_ai_cache	اسلایس عقیق ژئود بنفش فوق کلکسیونی
1638797	JEWELLERY	1890000	esam	L2_ai_cache	50 عدد فیروزه شکوفه نیشابور اصل
1638357	JEWELLERY	1850000	esam	L2_ai_cache	سیترین آفریقایی معدنی.کد 9
1638573	JEWELLERY	1850000	esam	L2_ai_cache	فیروزه سبز لوزی نیشابوری طبیعی با شناسنامه 054
1368430	JEWELLERY	1845000	esam	L2_ai_cache	کوارتز طلایی معدنی آفریقایی.کد 14
1706626	JEWELLERY	1800000	esam	L2_ai_cache	انگشتر شجر طبیعی قائنات منظره جنگل
1027991	JEWELLERY	1150000	esam	L1_inherit	گارنت سرخ معدنی سریلانکا.کد 17
1706358	JEWELLERY	1150000	esam	L1_inherit	تسبیح کهربا رویال پرچمی هفت رنگ لهستان سایز 16
1135922	JEWELLERY	1145000	esam	L1_inherit	توپاز بلواسکای معدنی سوئیسی.کد 13
32107	JEWELLERY	1100000	esam	L1_inherit	تسبیح کهربا اصل رگه دار 101 دانه تاجری
1618847	JEWELLERY	1000000	divar	L3_queue	باکارت بازنشستگی طلا نو بخر اقساطی تحویل در لحظه
34068	JEWELLERY	999000	esam	L1_inherit	تسبیح 101 دانه سنگ جید
1442643	JEWELLERY	999000	esam	L1_inherit	عقیق سلیمانی معدنی.کد 13
1638609	JEWELLERY	893000	esam	L2_ai_cache	یاقوت سرخ 3.25 قیراطی افریقایی اصل 1002
1706314	JEWELLERY	890000	esam	L2_ai_cache	تسبیح رویال سندلوس آب حیات رویال درجه 1 آبدار
1638624	JEWELLERY	850000	esam	L2_ai_cache	فیروزه معدنی نیشابوراصل.کد 19
1706254	JEWELLERY	850000	esam	L2_ai_cache	عقیق یمنی اصل و طبیعی منقش به یا جواد الائمه
1638346	JEWELLERY	845000	esam	L2_ai_cache	آمیتیست معدنی برزیلی.کد 8
1705887	JEWELLERY	835000	esam	L2_ai_cache	انگشتر کلکسیونی دو جفتی حجرالعین آداب دار رحمانی
1638531	JEWELLERY	799000	esam	L2_ai_cache	مزایده انگشتر بینظیر حجر الحجاز زیبا باجذب بالا
1638638	JEWELLERY	799000	esam	L2_ai_cache	مزایده انگشتر حجر المراد کهربایی رحمانی
1706947	JEWELLERY	799000	esam	L2_ai_cache	عقیق زرد خوشرنگ آبدار با دعای شرف شمس
1706313	JEWELLERY	795000	esam	L2_ai_cache	یاقوت سبز کبود درشت آفریقا (تانزانیا) 100 درصد معدنی
35648	JEWELLERY	790000	esam	L2_ai_cache	کوارتز یخی خوشرنگ معدنی.کد 32
1638348	JEWELLERY	790000	esam	L2_ai_cache	آمیتیست معدنی برزیلی.کد 9
1661068	JEWELLERY	790000	esam	L2_ai_cache	شجر معدنی قائن.کد 9
1706375	JEWELLERY	750000	esam	L2_ai_cache	عقیق پرتقالی یمنی خطی با حکاکی دستی
1708007	JEWELLERY	750000	esam	L2_ai_cache	شجر مصور طبیعی
1638522	JEWELLERY	749000	esam	L2_ai_cache	عقیق سرخ معدنی خراسان.کد 119
1638603	JEWELLERY	749000	esam	L2_ai_cache	عقیق سرخ معدنی خراسان.کد 118
1638890	JEWELLERY	749000	esam	L2_ai_cache	کوارتز یخی خوشرنگ معدنی.کد 62
1683188	JEWELLERY	749000	esam	L2_ai_cache	فیروزه خوشرنگ معدنی نیشابور.کد 159
1706940	JEWELLERY	749000	esam	L2_ai_cache	شجر معدنی قائن.کد 22
1707480	JEWELLERY	749000	esam	L2_ai_cache	توپاز اسکای معدنی سوئیسی.کد 23
1442918	JEWELLERY	745000	esam	L2_ai_cache	کوارتز یخی خوشرنگ معدنی.کد 12
1638336	JEWELLERY	745000	esam	L2_ai_cache	عقیق سه پوست خوشرنگ معدنی.کد 4
1638471	JEWELLERY	745000	esam	L2_ai_cache	عقیق سرخ معدنی خراسان.کد 120
1638909	JEWELLERY	745000	esam	L2_ai_cache	کوارتز یخی خوشرنگ معدنی.کد 61
623111	JEWELLERY	699000	esam	L1_inherit	عقیق سبز زمردی معدنی.کد 70
806941	JEWELLERY	699000	esam	L2_ai_cache	عقیق چندپوست خوشرنگ معدنی.کد 12
1478894	JEWELLERY	699000	esam	L1_inherit	مجموعه 8 قطعه عقیق رنگی آبدار اصل معدنی کد 55
1638725	JEWELLERY	699000	esam	L2_ai_cache	مجموعه 8 قطعه عقیق رنگی آبدار اصل معدنی کد 60
1638579	JEWELLERY	698000	esam	L2_ai_cache	یاقوت سرخ 2.85 قیراطی افریقایی اصل 1003
1638663	JEWELLERY	695000	esam	L2_ai_cache	عقیق سبزخوشرنگ معدنی خراسان.کد 67
1706961	JEWELLERY	695000	esam	L2_ai_cache	یاقوت سرخ افریقایی اصل 5.35 قیراطی 010
550112	JEWELLERY	690000	esam	L2_ai_cache	عقیق سلیمانی معدنی.کد 15
623112	JEWELLERY	690000	esam	L1_inherit	عقیق سه پوست خوشرنگ معدنی.کد 14
1478817	JEWELLERY	690000	esam	L1_inherit	عقیق زردخوشرنگ معدنی خراسان.14
1660897	JEWELLERY	690000	esam	L2_ai_cache	عقیق سبز زمردی معدنی.کد 60
1638472	JEWELLERY	678000	esam	L2_ai_cache	آمیتیست افریقایی طبیعی 20.80 قیراط کد 4106
1577842	JEWELLERY	650000	esam	L1_inherit	حدود 14 قیراط یاقوت کبود هندی شفاف
1706880	JEWELLERY	650000	esam	L2_ai_cache	گردنبند بینظیر و خاص ساخت ترکیه
1638457	JEWELLERY	649000	esam	L2_ai_cache	کوارتز یخی خوشرنگ معدنی.کد 23
1706958	JEWELLERY	649000	esam	L2_ai_cache	کوارتز یخی خوشرنگ معدنی.کد 67
1638884	JEWELLERY	645000	esam	L2_ai_cache	عقیق سرخ خوشرنگ خراسان.کد 41
1708123	JEWELLERY	640000	esam	L2_ai_cache	انگشتر عقیق زیبا و بینظیر
1638465	JEWELLERY	621000	esam	L2_ai_cache	یاقوت سرخ 1.8 قیراطی افریقایی اصل 1006
34676	JEWELLERY	600000	esam	L2_ai_cache	12 عدد انگشتر آلیاژی سبک وزن و ظریف درجه یک
1707041	JEWELLERY	600000	esam	L2_ai_cache	5 کیلو راف یشم طبیعی افغانستان
1707042	JEWELLERY	600000	esam	L2_ai_cache	5 کیلو راف یشم،جاسپر و سرپانتین سبز
1660628	JEWELLERY	599000	esam	L2_ai_cache	انگشترناب زمرد هندی درجه یگ.8 قیراطی
35621	JEWELLERY	590000	esam	L2_ai_cache	عقیق سلیمانی تراش دامله معدنی.کد 12
222760	JEWELLERY	590000	esam	L2_ai_cache	10 عدد انگشتر آلیاژی سبک وزن و ظریف درجه یک
1638366	JEWELLERY	590000	esam	L2_ai_cache	عقیق معدنی خوشرنگ خراسان، 56
1705893	JEWELLERY	576000	esam	L2_ai_cache	انگشتر قلمزنی گنبد شاه سنگ سنگ سلیمانی انواری یمن
1660383	JEWELLERY	575000	esam	L2_ai_cache	حراج تسبیح سندلوس خالدار اعلا کلکسیونی
1707055	JEWELLERY	575000	esam	L2_ai_cache	فیروزه آبی نیشابوری زیبا و خوش رنگ بدن احیا 070
1707771	JEWELLERY	575000	esam	L2_ai_cache	مهره های کهنه اصلی کمیاب و کلکسیونی
1660854	JEWELLERY	551000	esam	L2_ai_cache	انگشتر شیر برجسته طلایی حراج
71928	JEWELLERY	550000	esam	L1_inherit	نگین گارنت سرخ زیبا 11 قیراطی
1030915	JEWELLERY	550000	esam	L1_inherit	نگین کیوبیک زیرکونیا 11 قیراط
1368451	JEWELLERY	550000	esam	L1_inherit	نگین گارنت سرخ 11 قیراطی
1707260	JEWELLERY	550000	esam	L2_ai_cache	نگین موزانایت طلایی وارداتی
35921	JEWELLERY	549000	esam	L2_ai_cache	کوارتز یخی خوشرنگ معدنی.کد 100
771142	JEWELLERY	549000	esam	L1_inherit	شجر معدنی قائن.کد 13
1660799	JEWELLERY	549000	esam	L2_ai_cache	فیروزه آبی نیشابوری طبیعی اصل 050
1660837	JEWELLERY	545000	esam	L2_ai_cache	عقیق سبزمعدنی آبدار خراسان.کد 127
1706853	JEWELLERY	545000	esam	L2_ai_cache	عقیق سبز آبدار خراسان.کد 132
1706137	JEWELLERY	535000	esam	L2_ai_cache	انگشتر عقیق زیبا
1706850	JEWELLERY	517000	esam	L2_ai_cache	زبرجد معدنی طبیعی 3.45 قیراط 910 میل کد 0012
1706654	JEWELLERY	500000	esam	L2_ai_cache	سه عدد انگشتر شیروخورشید بقل پاسارگاد عالی
1706974	JEWELLERY	500000	esam	L2_ai_cache	انگشتر عقیق سیاه (کابوشن) قدیمی با نگین درشت
1708223	JEWELLERY	500000	esam	L2_ai_cache	انگشتر یمنی عقیق،هاله دار،خاص خاص،تمیز،تمیز
1707712	JEWELLERY	499000	esam	L2_ai_cache	عقیق سرخ پرتقالی معدنی خراسان.کد 50
1660761	JEWELLERY	498000	esam	L2_ai_cache	فیروزه آبی نیشابوری طبیعی زیبا 052
1706886	JEWELLERY	495000	esam	L2_ai_cache	زبرجد معدنی طبیعی 3.3 قیراط 97.5 میل کد 008
35402	JEWELLERY	490000	esam	L1_inherit	عقیق زرد خوشرنگ معدنی.کد 11
35414	JEWELLERY	490000	esam	L2_ai_cache	عقیق زرد خوشرنگ معدنی.کد 10
36174	JEWELLERY	490000	esam	L2_ai_cache	کوارتز یخی خوشرنگ معدنی.کد 15
550159	JEWELLERY	490000	esam	L2_ai_cache	عقیق زرد خوشرنگ معدنی.کد 12
1638349	JEWELLERY	490000	esam	L2_ai_cache	کوارتز یخی خوشرنگ معدنی.کد 95
1805086	JEWELLERY	390000	esam	L1_inherit	آویز منشور عقیق سیاه(اونیکس)کد 11
32786	JEWELLERY	379750	esam	L1_inherit	وارداتی استیل کمیاب، انگشتر درجه یک سایز 11 ، حراج
1708104	JEWELLERY	379000	esam	L1_inherit	آویز منشور کوروش وزن 17 گرم
1731094	JEWELLERY	375000	esam	L1_inherit	منشور کوروش آویز طلایی رنگ با وزن 17 گرم
1705999	JEWELLERY	371000	esam	L1_inherit	آویز منشور کوروش آویز طلایی رنگ وزن 17 گرم
222887	JEWELLERY	359150	esam	L1_inherit	انگشتر استیل وارداتی درجه یک شماره 11 ، حراج
34667	JEWELLERY	349000	esam	L1_inherit	آویز عقیق معدنی.کد 11
1660825	JEWELLERY	349000	esam	L1_inherit	آویز عقیق سیاه معدنی(اونیکس)کد 25
31841	JEWELLERY	345000	esam	L1_inherit	آویز منشور کریستال کوارتز معدنی.کد 16
31969	JEWELLERY	345000	esam	L1_inherit	آویز منشور کریستال کوارتز معدنی.کد 14
32124	JEWELLERY	345000	esam	L1_inherit	آویز عقیق سلیمانی معدنی.کد 17
1176055	JEWELLERY	345000	esam	L1_inherit	آویز عقیق سلیمانی معدنی.کد 16
1443823	JEWELLERY	345000	esam	L1_inherit	آویز منشور کوارتز معدنی،کد 17
770953	JEWELLERY	299000	esam	L1_inherit	لاجورد معدنی افغان.کد 11
1660802	JEWELLERY	299000	esam	L3_queue	عقیق کاهویی معدنی خراسان.کد 24
32527	JEWELLERY	290000	esam	L1_inherit	منشور عقیق معدنی.سایزکوچک،کد 14
34370	JEWELLERY	290000	esam	L1_inherit	آویز عقیق معدنی.کد 13
34666	JEWELLERY	290000	esam	L1_inherit	آویز خوشرنگ عقیق معدنی.کد 17
191859	JEWELLERY	279000	esam	L2_ai_cache	حراج آویز صلیب برنزی درجه یک 12 گرمی
1660426	JEWELLERY	279000	esam	L2_ai_cache	انگشتر طرح لنگر طلایی حراج
1660468	JEWELLERY	279000	esam	L2_ai_cache	انگشتر وارداتی ظریف
1660755	JEWELLERY	279000	esam	L2_ai_cache	حراج آویز قلب با زنجیر ظریف
1660855	JEWELLERY	279000	esam	L2_ai_cache	انگشتر زنانه دخترانه طلایی وارداتی، سایز 9 ، حراج
1706024	JEWELLERY	279000	esam	L2_ai_cache	فروهر با وزن 19 گرم دو رو، آویز فروهر
1706367	JEWELLERY	279000	esam	L2_ai_cache	آویز فروهر با وزن 19 گرم دو رو شیک
1708307	JEWELLERY	279000	esam	L2_ai_cache	حراج آویز قلب زیبا و کلاسیک
1705890	JEWELLERY	278000	esam	L2_ai_cache	انگشتر سلطنتی شفت العبد یمنی با طبع سرخ در زیر نور
1708325	JEWELLERY	276450	esam	L2_ai_cache	حراج انگشتر زنانه دخترانه طلایی سایز 7 درجه یک
1683115	JEWELLERY	275750	esam	L2_ai_cache	حراج انگشتر کمیاب نقره ای رنگ
1660454	JEWELLERY	275000	esam	L2_ai_cache	انگشتر وارداتی زنانه دخترانه
1661044	JEWELLERY	275000	esam	L2_ai_cache	انگشتر وارداتی کمیاب آنتیک و شیک
1683094	JEWELLERY	275000	esam	L2_ai_cache	انگشتر وارداتی حراج
1707349	JEWELLERY	275000	esam	L2_ai_cache	گردنبند آویز قلب با زنجیر ظریف 45 سانتی
1756013	JEWELLERY	275000	esam	L2_ai_cache	انگشتر وارداتی آنتیک با نگین مصنوعی
843823	JEWELLERY	271000	esam	L1_inherit	حراج آویز آنتیک دو رو شیک با وزن 17 گرم
1683093	JEWELLERY	270150	esam	L2_ai_cache	حراج انگشتر آنتیک
1660456	JEWELLERY	270000	esam	L2_ai_cache	انگشتر کلاسیک کمیاب
1660464	JEWELLERY	270000	esam	L2_ai_cache	حراج انگشتر نگین سبز
1660771	JEWELLERY	270000	esam	L2_ai_cache	گردنبند وارداتی رنگ ثابت طلایی رنگ mother
1660782	JEWELLERY	270000	esam	L2_ai_cache	گردنبند S وارداتی رنگ ثابت طلایی رنگ
1660803	JEWELLERY	270000	esam	L2_ai_cache	انگشتر وارداتی زنانه دخترانه درجه یک
1660874	JEWELLERY	270000	esam	L2_ai_cache	حراج آویز قلب بسیار زیبا و کمیاب
1660925	JEWELLERY	270000	esam	L2_ai_cache	آویز قلب سرخ با زنجیر رنگ ثابت
1705923	JEWELLERY	270000	esam	L2_ai_cache	انگشتر وارداتی آنتیک با نگین های مصنوعی
1705990	JEWELLERY	270000	esam	L2_ai_cache	حراج انگشتر کلاسیک
1707064	JEWELLERY	270000	esam	L2_ai_cache	حراج انگشتر آنتیک و کمیاب
1707864	JEWELLERY	270000	esam	L2_ai_cache	انگشتر برجسته بسیار زیبا حراج
1708086	JEWELLERY	270000	esam	L2_ai_cache	انگشتر طلا روس طرح تاج کار شیک وعالی درجه یک
1708171	JEWELLERY	270000	esam	L2_ai_cache	انگشتر تاج طلایی رنگ، حراج
1806084	JEWELLERY	270000	esam	L2_ai_cache	انگشتر طرح آنتیک کمیاب و زیبا
1707854	JEWELLERY	269950	esam	L1_inherit	آویز 17 گرمی کلاسیک دو رو حراج
1408339	JEWELLERY	269350	esam	L1_inherit	مدال آویز آنتیک 17 گرمی درجه یک حراج
1638887	JEWELLERY	269000	esam	L2_ai_cache	فیروزه ابی صاف زنانه 095
1660473	JEWELLERY	269000	esam	L2_ai_cache	انگشتر وارداتی یاقوت سرخ مصنوعی حراجی
1706022	JEWELLERY	269000	esam	L2_ai_cache	آویز فروهر کلاسیک با وزن 19 گرم دو رو
1707016	JEWELLERY	269000	esam	L2_ai_cache	فیروزه شجر اصل نیشابور 094
1707278	JEWELLERY	269000	esam	L2_ai_cache	انگشتر نگین مصنوعی فیروزه ای وارداتی (جنس بدل)
1707426	JEWELLERY	269000	esam	L2_ai_cache	آویز فروهر تزیینی وارداتی (جنس درجه یک)
1707843	JEWELLERY	269000	esam	L2_ai_cache	انگشتر وارداتی یاقوت کبود مصنوعی
1731045	JEWELLERY	269000	esam	L2_ai_cache	انگشتر وارداتی نگین یاقوت مصنوعی آلیاژ بدل
1660685	JEWELLERY	268000	esam	L2_ai_cache	آویز تزیینی فروهر وارداتی (جنس درجه یک)
32334	JEWELLERY	265000	esam	L2_ai_cache	آویز فروهر طلایی رنگ با وزن 10 گرمی دو رو
1660917	JEWELLERY	265000	esam	L2_ai_cache	حراج مدل آویز آنتیک دو رو
1661018	JEWELLERY	265000	esam	L2_ai_cache	آویز فروهر کلاسیک وزن 19 گرم دو رو
1707135	JEWELLERY	265000	esam	L2_ai_cache	آویز قلب با زنجیر رنگ ثابت
1707351	JEWELLERY	265000	esam	L2_ai_cache	انگشتر نگین مصنوعی وارداتی یاقوت کبود (جنس بدل)
36432	JEWELLERY	261000	esam	L2_ai_cache	آویز فروهر وزن 10 گرمی دو رو طلایی رنگ
400967	JEWELLERY	261000	esam	L2_ai_cache	فروهر، آویز فروهر دو رو طلایی وزن 10 گرم
1660839	JEWELLERY	261000	esam	L2_ai_cache	انگشتر نگین مصنوعی وارداتی سرخ (جنس بدل)
1661021	JEWELLERY	261000	esam	L2_ai_cache	انگشتر نگین مصنوعی وارداتی (جنس بدل)
1705793	JEWELLERY	261000	esam	L2_ai_cache	انگشتر بادومی وارداتی نگین یاقوت مصنوعی
1707363	JEWELLERY	261000	esam	L2_ai_cache	انگشتر نگین یاقوت سرخ مصنوعی وارداتی (جنس بدل)
71852	JEWELLERY	260000	esam	L2_ai_cache	آویز فروهر وزن 10 گرمی دو رو طلایی رنگ
280923	JEWELLERY	260000	esam	L2_ai_cache	فروهر، آویز فروهر دو رو طلایی با وزن 10 گرمی
1505597	JEWELLERY	260000	esam	L2_ai_cache	آویز فروهر وزن 10 گرم دو رو طلایی رنگ
1638610	JEWELLERY	260000	esam	L2_ai_cache	حراج انگشتر آنتیک
1638882	JEWELLERY	260000	esam	L2_ai_cache	فیروزه صاف اصل نیشابوری 096
1660908	JEWELLERY	260000	esam	L2_ai_cache	انگشتر یاقوت مصنوعی حراج درجه یک
1661036	JEWELLERY	260000	esam	L2_ai_cache	انگشتر نگین مصنوعی عقیق وارداتی (جنس بدل)
1705790	JEWELLERY	260000	esam	L2_ai_cache	انگشتر بادومی وارداتی نگین یاقوت مصنوعی آلیاژ بدل
1706027	JEWELLERY	260000	esam	L2_ai_cache	آویز فروهر کلاسیک با وزن 10 گرم دو رو
1707134	JEWELLERY	260000	esam	L2_ai_cache	انگشتر حراجی و زیبا و درجه یک
1806085	JEWELLERY	260000	esam	L2_ai_cache	انگشتر نگین آبی
1806087	JEWELLERY	260000	esam	L2_ai_cache	انگشتر بادومی با طرح یاقوت سرخ مصنوعی
1806157	JEWELLERY	260000	esam	L2_ai_cache	حراج انگشتر با رکاب درجه یک
1806171	JEWELLERY	260000	esam	L2_ai_cache	آویز قلبی با زنجیر ظریف رنگ ثابت
1683154	JEWELLERY	259750	esam	L2_ai_cache	حراج انگشتر نگین دار
1613245	JEWELLERY	259350	esam	L2_ai_cache	آویز کلاسیک 12 گرمی، حراج
1660521	JEWELLERY	259350	esam	L2_ai_cache	حراج انگشتر کمیاب نقره ای رنگ
33373	JEWELLERY	259150	esam	L2_ai_cache	آویز برنزی دو رو درجه یک حراج واقعی 15 گرمی
1683180	JEWELLERY	259150	esam	L2_ai_cache	انگشتر نگین فیروزه مصنوعی حراجی
1708340	JEWELLERY	259150	esam	L2_ai_cache	حراج انگشتر نقره ای کمیاب
1706486	JEWELLERY	259100	esam	L2_ai_cache	آویز برنز دو سانتی درجه یک زنجیر ظریف رنگ ثابت
280933	JEWELLERY	259000	esam	L2_ai_cache	آویز کلاسیک سرباز هخامنشی دو رو وزن 10 گرم
1577927	JEWELLERY	259000	esam	L2_ai_cache	آویز سرباز هخامنشی با وزن 10 گرم دو رو طلایی رنگ
1638381	JEWELLERY	259000	esam	L2_ai_cache	آویز آنتیک دو رو سنگین و بزرگ و شیک
1660588	JEWELLERY	259000	esam	L2_ai_cache	حراج انگشتر یاقوت کبود مصنوعی ظریف
1660850	JEWELLERY	259000	esam	L2_ai_cache	انگشتر نگین مصنوعی وارداتی مشکی رنگ (جنس بدل)
1661013	JEWELLERY	259000	esam	L2_ai_cache	انگشتر نگین مصنوعی آبی وارداتی (جنس بدل)
1661014	JEWELLERY	259000	esam	L2_ai_cache	حراج آویز قلب فلزی کمیاب و بزرگ
1683170	JEWELLERY	259000	esam	L2_ai_cache	گردنبند آویز قلب، حراج
1705791	JEWELLERY	259000	esam	L2_ai_cache	انگشتر بادومی وارداتی نگین یاقوت کبود مصنوعی
1706883	JEWELLERY	259000	esam	L2_ai_cache	انگشتر طلایی رنگ حراج
1707137	JEWELLERY	259000	esam	L2_ai_cache	حراج انگشتر وارداتی یاقوت سرخ رنگ مصنوعی
1707138	JEWELLERY	259000	esam	L2_ai_cache	انگشتر وارداتی درجه یک
1731056	JEWELLERY	259000	esam	L2_ai_cache	انگشتر بادومی وارداتی نگین آبی مصنوعی آلیاژ بدل
1756256	JEWELLERY	259000	esam	L2_ai_cache	انگشتر وارداتی نگین یاقوت مصنوعی آلیاژ بدل
1806103	JEWELLERY	259000	esam	L2_ai_cache	انگشتر بادومی طرح یاقوت سرخ مصنوعی
1660870	JEWELLERY	257000	esam	L2_ai_cache	انگشتر حراجی نگین آبی
1638684	JEWELLERY	255000	esam	L2_ai_cache	حراج انگشتر عقاب
1706640	JEWELLERY	255000	esam	L2_ai_cache	وارداتی انگشتر نگین یاقوت مصنوعی با رکاب بدلی
1806181	JEWELLERY	255000	esam	L2_ai_cache	انگشتر خدا سایز کوچک حراج
1756225	JEWELLERY	254000	esam	L2_ai_cache	فیروزه نیشابوری آبی 0.87 گرم ابعاده 1013 کد 00127
33147	JEWELLERY	253000	esam	L2_ai_cache	آویز سرباز هخامنشی وزن 10 گرم دو رو طلایی رنگ
240355	JEWELLERY	252000	esam	L2_ai_cache	آویز سرباز هخامنشی وزن 10 گرم دو رو طلایی رنگ
32341	JEWELLERY	251000	esam	L2_ai_cache	سرباز هخامنشی 10 گرمی، آویز طلایی رنگ
33400	JEWELLERY	251000	esam	L2_ai_cache	آویز سرباز هخامنشی وزن 10 گرم دو رو طلایی
1443035	JEWELLERY	251000	esam	L2_ai_cache	آویز سرباز هخامنشی دو رو طلایی رنگ وزن 10 گرم
1443944	JEWELLERY	251000	esam	L2_ai_cache	آویز فروهر طلایی با وزن 10 گرمی دو رو
1443968	JEWELLERY	251000	esam	L2_ai_cache	آویز کلاسیک 10 گرمی شیک و زیبا، حراج
1706660	JEWELLERY	251000	esam	L2_ai_cache	آویز سنگ دلربا، بسیار شیک، وارداتی درجه یک
1707856	JEWELLERY	251000	esam	L2_ai_cache	انگشتر وارداتی کمیاب درجه یک
32252	JEWELLERY	250000	esam	L2_ai_cache	سرباز هخامنشی 10 گرم، آویز طلایی رنگ
32808	JEWELLERY	250000	esam	L2_ai_cache	آویز فروهر طلایی با وزن 10 گرمی دو طرفه
33059	JEWELLERY	250000	esam	L2_ai_cache	آویز سرباز هخامنشی، دو طرفه، طلایی، وزن 10 گرم
33209	JEWELLERY	250000	esam	L2_ai_cache	آویز فروهر طلایی رنگ دور رو با وزن 10 گرمی
33454	JEWELLERY	250000	esam	L2_ai_cache	آویز سرباز هخامنشی وزن 10 گرم دو رو طلایی رنگ
33581	JEWELLERY	250000	esam	L2_ai_cache	انگشتر طلا روس کار شیک سایز 10 رنگ ثابت درجه یک
33990	JEWELLERY	250000	esam	L2_ai_cache	آویز فروهر طلایی رنگ با وزن 10 گرمی و دو رو
34805	JEWELLERY	250000	esam	L2_ai_cache	آویز سرباز دو طرفه طلایی رنگ با وزن 10 گرم
280852	JEWELLERY	250000	esam	L2_ai_cache	آویز فروهر کلاسیک با وزن 10 گرم دو رو
400976	JEWELLERY	250000	esam	L2_ai_cache	آویز کلاسیک سرباز هخامنشی دو رو با وزن 10 گرمی
770931	JEWELLERY	250000	esam	L2_ai_cache	آویز کلاسیک دو رو سرباز هخامنشی با وزن 10 گرم
1247015	JEWELLERY	250000	esam	L2_ai_cache	آویز سرباز هخامنشی دو رو طلایی با وزن 10 گرم
1249764	JEWELLERY	250000	esam	L2_ai_cache	آویز سرباز هخامنشی دو طرفه طلایی رنگ با وزن 10 گرم
1638385	JEWELLERY	250000	esam	L2_ai_cache	آویز صلیب، زیبا و ظریف، حراج
1660412	JEWELLERY	250000	esam	L2_ai_cache	حراج آویز گردنبند با زنجیر ظریف رنگ ثابت
1660422	JEWELLERY	250000	esam	L2_ai_cache	حراج انگشتر شیر و تاج
1660509	JEWELLERY	250000	esam	L2_ai_cache	انگشتر حراجی وارداتی
1660862	JEWELLERY	250000	esam	L2_ai_cache	حراج انگشتر وارداتی نگین سبز مصنوعی
1660936	JEWELLERY	250000	esam	L2_ai_cache	آویز قلب سرخ با زنجیر ظریف رنگ ثابت
1661015	JEWELLERY	250000	esam	L2_ai_cache	حراج انگشتر پروانه کلاسیک فری سایز کمیاب
1683148	JEWELLERY	250000	esam	L2_ai_cache	گردنبند آویز الله علی محمّد حراج
1683167	JEWELLERY	250000	esam	L2_ai_cache	انگشتر رکاب طلایی نگین مشکی رنگ
1705987	JEWELLERY	250000	esam	L2_ai_cache	حراج دستبند وارداتی نگین کاری شده سایز متغیر
1706578	JEWELLERY	250000	esam	L2_ai_cache	انگشتر آبی رکاب نقره ای رنگ
1706589	JEWELLERY	250000	esam	L2_ai_cache	آویز برنزی 2 سانتی 4 گرمی درجه یک زنجیر رنگ ثابت
1706867	JEWELLERY	250000	esam	L2_ai_cache	حراج انگشتر نگین سبز زیبا
1706918	JEWELLERY	250000	esam	L2_ai_cache	حراج انگشتر زیبا نگین سرخ رنگ
1707056	JEWELLERY	250000	esam	L2_ai_cache	مدال آویز برنز 2 رو درجه یک 4 گرمی زنجیر رنگ ثابت
1707296	JEWELLERY	250000	esam	L2_ai_cache	انگشتر فوق العاده زیبا و شیک درجه یک عالی
1707313	JEWELLERY	250000	esam	L2_ai_cache	انگشتر فوق العاده زیبا درجه یک عالی شیک وعالی
1707318	JEWELLERY	250000	esam	L2_ai_cache	انگشتر طلا روس رنگ ثابت کار شیک وعالی درجه یک
1707368	JEWELLERY	250000	esam	L2_ai_cache	انگشتر طلا روس کار شیک وعالی کیفیت دار خاص
1707412	JEWELLERY	250000	esam	L2_ai_cache	انگشتر یاقوت سرخ نقره اصل 925
1707827	JEWELLERY	250000	esam	L2_ai_cache	پک 22 عددی عقیق آبی طرح دار وسلیمانی کد 10
1708079	JEWELLERY	250000	esam	L2_ai_cache	انگشتر نگین مصنوعی وارداتی سرخ رنگ (جنس بدل)
1708116	JEWELLERY	250000	esam	L2_ai_cache	انگشتر وارداتی نگین دار مصنوعی آلیاژ بدل
1708161	JEWELLERY	250000	esam	L2_ai_cache	آویز تاج طلایی تزیینی (جنس درجه یک)
1708329	JEWELLERY	250000	esam	L2_ai_cache	حراج انگشتر با نگین یاقوت سرخ مصنوعی
1708333	JEWELLERY	250000	esam	L2_ai_cache	حراج آویز قلب بزرگ کلاسیک کمیاب
1708335	JEWELLERY	250000	esam	L2_ai_cache	آویز قلب سرخ، شیک و کمیاب، زنجیر ظریف
1730915	JEWELLERY	250000	esam	L2_ai_cache	انگشتر یاقوت نگین مصنوعی رکاب بدل وارداتی
1805091	JEWELLERY	250000	esam	L2_ai_cache	حراج انگشتر مار کبری درجه یک وارداتی
1806168	JEWELLERY	250000	esam	L2_ai_cache	آویز تزیینی سرباز هخامنشی (جنس درجه یک)
32213	JEWELLERY	249000	esam	L2_ai_cache	آویز سرباز هخامنشی دو رو با وزن 10 گرم
222912	JEWELLERY	249000	esam	L2_ai_cache	آویز فروهر طلایی رنگ دو رو با وزن 10 گرمی
843785	JEWELLERY	249000	esam	L2_ai_cache	آویز سرباز هخامنشی دو رو طلایی رنگ وزن 10 گرم
1638380	JEWELLERY	249000	esam	L2_ai_cache	آویز آنتیک دو رو سنگین و بزرگ و شیک
1660460	JEWELLERY	249000	esam	L2_ai_cache	انگشتر بادومی طرح یاقوت کبود مصنوعی
1660481	JEWELLERY	249000	esam	L2_ai_cache	انگشتر بادومی نگین یاقوت سرخ مصنوعی
1661016	JEWELLERY	249000	esam	L2_ai_cache	انگشتر نگین مصنوعی سرخ وارداتی (جنس بدل)
1706128	JEWELLERY	249000	esam	L2_ai_cache	آویز دو طرفه طلایی رنگ با وزن 10 گرم سرباز هخامنشی
1706595	JEWELLERY	249000	esam	L2_ai_cache	حراج انگشتر کلاسیک
1707323	JEWELLERY	249000	esam	L2_ai_cache	انگشتر نگین سبز مصنوعی وارداتی (جنس بدل)
1707858	JEWELLERY	249000	esam	L2_ai_cache	آویز قلب فرشته وارداتی درجه یک سایز کوچک (جنس بدل)
1731097	JEWELLERY	249000	esam	L2_ai_cache	انگشتر بادومی وارداتی نگین عقیق مصنوعی آلیاژ بدل
1756537	JEWELLERY	249000	esam	L2_ai_cache	آویز منشور رز کوارتز معدنی
1806090	JEWELLERY	249000	esam	L2_ai_cache	انگشتر بادومی طرح عقیق مشکی مصنوعی
35654	JEWELLERY	247000	esam	L2_ai_cache	آویز سرباز هخامنشی دو رو طلایی وزن 10 گرم
35300	JEWELLERY	246000	esam	L2_ai_cache	آویز سرباز هخامنشی دو رو طلایی رنگ با وزن 10 گرم
111838	JEWELLERY	245000	esam	L2_ai_cache	آویز دو طرفه طلایی رنگ وزن 10 گرم سرباز هخامنشی
1661004	JEWELLERY	245000	esam	L2_ai_cache	اسلایس عقیق زرد دور طلایی کلکسیونی
1660997	JEWELLERY	240000	esam	L2_ai_cache	انگشتر نگین مصنوعی سبز وارداتی (جنس بدل)
1661038	JEWELLERY	240000	esam	L2_ai_cache	انگشتر نگین مصنوعی وارداتی (جنس بدل)
1705801	JEWELLERY	240000	esam	L2_ai_cache	انگشتر بادومی وارداتی نگین مصنوعی آلیاژ بدل
1660475	JEWELLERY	239000	esam	L2_ai_cache	انگشتر بادومی با نگین سبز مصنوعی
1660856	JEWELLERY	239000	esam	L2_ai_cache	انگشتر نگین مصنوعی وارداتی سبز رنگ (جنس بدل)
1731086	JEWELLERY	239000	esam	L2_ai_cache	انگشتر بادومی وارداتی نگین سبز مصنوعی آلیاژ بدل
1638630	JEWELLERY	232000	esam	L2_ai_cache	آمیتیست افریقایی طبیعی اشک 13.3 قیراط کد 4101
1707044	JEWELLERY	220000	esam	L2_ai_cache	فیروزه شجر گوشتی مغز سنگ 091
1683174	JEWELLERY	200000	esam	L2_ai_cache	4 عدد انگشتر آلیاژی سبک وزن و ظریف
1638539	JEWELLERY	145000	esam	L2_ai_cache	فیروزه اصل نیشابور 104
1707940	JEWELLERY	145000	esam	L2_ai_cache	آویز قدیمی ماشین
1707992	JEWELLERY	136000	esam	L2_ai_cache	مدال گردنبند نقره عیار 925 دستساز 30 گرم درنجف
1638786	JEWELLERY	130000	esam	L2_ai_cache	توپی آمیتیست رنگی پولیش نخورده
1706881	JEWELLERY	121000	esam	L2_ai_cache	فیروزه آبی نیشابوری اصل درجه یک با ضمانت کیفیت
1660543	JEWELLERY	120000	esam	L2_ai_cache	شجر پاییزه زیبا شکافی داره 2
1660552	JEWELLERY	120000	esam	L2_ai_cache	فیروزه نیشابوری طبیعی اشکی
1660579	JEWELLERY	120000	esam	L2_ai_cache	گردنبند با آویز نگینی ، حراجی، بدلی
1683113	JEWELLERY	120000	esam	L2_ai_cache	انگشتر جغد فری سایز حراج
1707255	JEWELLERY	120000	esam	L2_ai_cache	عقیق سلیمانی سفید زیبا
1660587	JEWELLERY	111000	esam	L2_ai_cache	نگین شجر ابر و باد زیبا
1660398	JEWELLERY	110000	esam	L2_ai_cache	دستبند ظریف، حراجی
1706808	JEWELLERY	110000	esam	L2_ai_cache	انگشتر قدیمی کلاسیک حراجی
1708160	JEWELLERY	110000	esam	L2_ai_cache	انگشتر پروانه فری سایز حراج سایز ظریف
1638514	JEWELLERY	109000	esam	L2_ai_cache	فیروزه اصل نیشابور
1638755	JEWELLERY	104000	esam	L2_ai_cache	رکاب انگشتر نقره عیار پایین 74 زیبا
1638393	JEWELLERY	100000	esam	L2_ai_cache	حراج انگشتر ظریف و سبک وزن درجه یک
1638676	JEWELLERY	100000	esam	L2_ai_cache	حراج انگشتر آلیاژی درجه یک و سبک وزن و ظریف
1638737	JEWELLERY	100000	esam	L2_ai_cache	فیروزه خوشرنگ خوش نقش طبیعی اصل نیشابور
1638856	JEWELLERY	100000	esam	L2_ai_cache	انگشتر یاقوت سرخ
1660394	JEWELLERY	100000	esam	L2_ai_cache	آویز گیتار مناسب لباس گردنبند و
1660399	JEWELLERY	100000	esam	L2_ai_cache	آویز و ان یکاد شیشه ای
1660402	JEWELLERY	100000	esam	L2_ai_cache	انگشتر فلزی سبک وزن حراج
1660420	JEWELLERY	100000	esam	L2_ai_cache	انگشتر آلیاژی سبک وزن و ظریف
1660452	JEWELLERY	100000	esam	L2_ai_cache	حراج آویز صلیب ظریف جنس پلاستیکی کیفیت عالی
1660453	JEWELLERY	100000	esam	L2_ai_cache	حراج انگشتر ظریف و زیبا و سبک
1660457	JEWELLERY	100000	esam	L2_ai_cache	حراج انگشتر آلیاژی سبک وزن درجه یک
1660471	JEWELLERY	100000	esam	L2_ai_cache	حراج انگشتر ظریف و سبک
1660650	JEWELLERY	100000	esam	L2_ai_cache	آویز دکوری یا جاکلیدی طرح کیف
1660695	JEWELLERY	100000	esam	L2_ai_cache	انگشتر فلزی، سبک وزن، حراج
1660757	JEWELLERY	100000	esam	L2_ai_cache	آویز سنگی، حراج
1660815	JEWELLERY	100000	esam	L2_ai_cache	انگشتر آلیاژی حراجی سبک و ظریف
1660816	JEWELLERY	100000	esam	L2_ai_cache	حراج انگشتر آلیاژی درجه یک سبک وزن و ظریف
1660861	JEWELLERY	100000	esam	L2_ai_cache	انگشتر سبک وزن درجه یک حراجی
1660931	JEWELLERY	100000	esam	L2_ai_cache	انگشتر حراجی سبک وزن و ظریف
1683112	JEWELLERY	100000	esam	L2_ai_cache	حراج انگشتر ظریف و سبک و آلیاژ بدلیجات
1683117	JEWELLERY	100000	esam	L2_ai_cache	حراج انگشتر زیبا، سبک و ظریف
1683124	JEWELLERY	100000	esam	L2_ai_cache	انگشتر مشکی رنگ، فلزی، سبک وزن
1705808	JEWELLERY	100000	esam	L2_ai_cache	آویز 4 گرمی دو رو کلاسیک حراج
1706158	JEWELLERY	100000	esam	L2_ai_cache	حراج آویز برنز کیفیت عالی
1706854	JEWELLERY	100000	esam	L2_ai_cache	انگشتر چوبی، جغد، فری سایز، جنس مراقبتی
1706871	JEWELLERY	100000	esam	L2_ai_cache	انگشتر پروانه فری سایز دخترانه زنانه
1707124	JEWELLERY	100000	esam	L2_ai_cache	21 عدد سنگ شجر تراش خورده
1707331	JEWELLERY	100000	esam	L2_ai_cache	حراج آویز فیل چشم زخم نگین کاری شده
1707855	JEWELLERY	100000	esam	L2_ai_cache	دستبند BE BRAVE فری سایز
1707865	JEWELLERY	100000	esam	L2_ai_cache	انگشتر حراجی زیبا
1707873	JEWELLERY	100000	esam	L2_ai_cache	حراج انگشتر ظریف برنجی روکش دار سبک وزن
1708288	JEWELLERY	100000	esam	L2_ai_cache	حراج انگشتر آلیاژی سبک وزن و ظریف
1708295	JEWELLERY	100000	esam	L2_ai_cache	انگشتر آلیاژی سبک وزن و ظریف درجه یک
1708301	JEWELLERY	100000	esam	L2_ai_cache	انگشتر سبک وزن حراجی
1708304	JEWELLERY	100000	esam	L2_ai_cache	آویز چشم زخم فیل نگین کاری شده سایز ظریف و کوچک
1731050	JEWELLERY	100000	esam	L2_ai_cache	انگشتر فری سایز دخترانه زنانه حراج
1731054	JEWELLERY	100000	esam	L2_ai_cache	انگشتر آلیاژی سبک وزن حراجی
1731089	JEWELLERY	100000	esam	L2_ai_cache	حراج انگشتر آلیاژی سبک وزن حراجی
1806105	JEWELLERY	100000	esam	L2_ai_cache	حراج انگشتر آلیاژی سبک وزن درجه یک نقره ای
1806239	JEWELLERY	100000	esam	L2_ai_cache	آویز قلب کوچک، اکلیلی، 6 گرمی، جنس رزین، سبک وزن
1806789	JEWELLERY	100000	esam	L2_ai_cache	انگشتر سبک وزن، ظریف، آلیاژ فلزی، بدل
1807409	JEWELLERY	100000	esam	L2_ai_cache	قلب اکلیلی کوچک، آویز 6 گرمی، جنس رزین، سبک وزن
33035	MEDIA	2950000	esam	L2_ai_cache	15 عدد نوار کاست
1660619	MEDIA	2500000	esam	L2_ai_cache	کتاب کاروان هند خاص
1706357	MEDIA	2250000	esam	L2_ai_cache	سری کامل ناصری طلایی کتاب 13 میلیون تضمین چاپ اول
1706384	MEDIA	2200000	esam	L2_ai_cache	مزایده 20 جلد کتاب ارزنده به صورت یکجا
1707626	MEDIA	699800	esam	L2_ai_cache	4 جلد کتاب ارزشمند
1705986	MEDIA	675000	esam	L2_ai_cache	10 کتاب از زندگی نامه مشاهیر آکبند
1706706	MEDIA	650000	esam	L2_ai_cache	کتاب کمیاب فقیه عالیقدر
1705995	MEDIA	128000	esam	L2_ai_cache	7 فیلم خارجی
1707472	MEDIA	125000	esam	L2_ai_cache	کتاب انقلاب اسلامی و ریشه های آن
32462	NUMISMATIC	5250000	esam	L2_ai_cache	تراول 100 هزاری درحد قیمت خوب
1706929	NUMISMATIC	4900000	esam	L2_ai_cache	سکه روسیه شوروی نقره 5 کوپک فوق نایاب و کوچک
660432	NUMISMATIC	4874321	esam	L2_ai_cache	اسکناس مینیاتوری 500 سری سوم پهلوی کسر 1 نایاب
1756202	NUMISMATIC	4700000	esam	L2_ai_cache	2 جفت ایران چک یک میلیونی کسر 5
34654	NUMISMATIC	4500000	esam	L2_ai_cache	اسکناس 10 دلار فیجی ملکه شماره بسیار زیبا
1705804	NUMISMATIC	4490000	esam	L2_ai_cache	اسکناس 5 ریال رضا شاه
623083	NUMISMATIC	4180000	esam	L2_ai_cache	فروش فوری 1 جفت اسکناس 100 ریالی (4 شنبه)
917000	NUMISMATIC	4000000	esam	L2_ai_cache	5 بسته 500 سفال سوپر بانکی
1706814	NUMISMATIC	3620000	esam	L2_ai_cache	جفت 5000 ریال بارگاهی
34591	NUMISMATIC	3500000	esam	L2_ai_cache	سکه نقره نایاب 500 دینار صاحبقران ناصرالدین شاه
1805254	NUMISMATIC	3459000	esam	L2_ai_cache	15 عدد سکه خارجی روکش نقره با کپسول محافظ
1707745	NUMISMATIC	3299000	esam	L3_queue	قاب آینه برنجی پهلوی اول رضا شاهی
623099	NUMISMATIC	3000000	esam	L2_ai_cache	5 ریالی رضا شاه پهلوی شماره 70 در کتاب اسکناس
33595	NUMISMATIC	2892000	esam	L2_ai_cache	12 عدد سکه روکش طلای سوپر بانکی با کپسول مخصوص
1638315	NUMISMATIC	2795000	esam	L2_ai_cache	4 عدد 2 دلاری سریال سوپربانکی
1805268	NUMISMATIC	2698000	esam	L2_ai_cache	4 عدد سکه روکش طلای پهلوی با کپسول و جعبه
32211	NUMISMATIC	2500000	esam	L2_ai_cache	1 برگ اسکناس 10 ریالی شاهی
33452	NUMISMATIC	2479000	esam	L2_ai_cache	11 عدد سکه روکش نقره سوپر بانکی با کپسول محافظ
1707953	NUMISMATIC	2460000	esam	L2_ai_cache	جفت ایران چک یک میلیونی همتی
1139368	NUMISMATIC	2360000	esam	L2_ai_cache	اسکناس 200 ریالی پهلوی خاص و کمیاب
1706935	NUMISMATIC	2335000	esam	L2_ai_cache	ست 6 عددی کلکسیونی نایاب سوپربانکی 0015
1707303	NUMISMATIC	2200000	esam	L2_ai_cache	اسکناس زیبا و کمیاب 3 روبل 1938 روسیه
1707321	NUMISMATIC	2200000	esam	L2_ai_cache	سه عدد سکه شاهی داخل کپسول درجه یک عالی
31611	NUMISMATIC	2180000	esam	L2_ai_cache	فروش فوری 1 جفت اسکناس بارگاهی 200 ریالی
1707123	NUMISMATIC	2100000	esam	L2_ai_cache	توضیحات حراجی ست کامل 21 اسکناس بولیوار ونزوئلا
1706345	NUMISMATIC	2000000	esam	L2_ai_cache	3 عدد 1000 ریال بارگاهی مهر قهوای
1706361	NUMISMATIC	2000000	esam	L2_ai_cache	2 عدد 1000 ریال بارگاهی مهر قهوه ای
1660892	NUMISMATIC	1999999	esam	L2_ai_cache	25 عدد اسکناس بنی صدر دست دوم و درحد نو
361856	NUMISMATIC	1950000	esam	L2_ai_cache	جفت 500 فرانک آفریقای مرکزی
1707871	NUMISMATIC	1950000	esam	L2_ai_cache	500 عدد تمبر خارجی در 100 طرح مختلف
1707006	NUMISMATIC	1900000	esam	L2_ai_cache	بدون کنسلی 6 برگ پهلوی 5 ریال ترمیم دارد
1805213	NUMISMATIC	1800000	esam	L2_ai_cache	تریپل 100 روبل رایج روسیه
1707593	NUMISMATIC	880003	esam	L2_ai_cache	تک اسکناس زیبا و کمیاب ترکیه
1707688	NUMISMATIC	850000	esam	L2_ai_cache	پک اصیل ده دینار برنز رضا شاه کبیر درجه یک عالی
1707893	NUMISMATIC	813000	esam	L2_ai_cache	5 بلوک تمبر آکبند پهلوی
1638588	NUMISMATIC	800000	esam	L2_ai_cache	مدال اهدایی سپاه پاسداران 1366
1660630	NUMISMATIC	800000	esam	L2_ai_cache	اسکناس 1 ریال قطر قدیمی
1707724	NUMISMATIC	800000	esam	L2_ai_cache	پک اصیل سکه های شاهی کیفیت عالی درجه یک
1708334	NUMISMATIC	800000	esam	L2_ai_cache	ست 7 جفت اسکناس کشور سوریه
1332526	NUMISMATIC	795000	esam	L2_ai_cache	جفت اسکناس کمیاب 500 متیکال موزامبیک (سایز بزرگ)
1707673	NUMISMATIC	785000	esam	L2_ai_cache	تک تمبر زیبا و کمیاب مشروطه قاجاری 9 شاهی
34356	NUMISMATIC	780000	esam	L1_inherit	مجموعه 11 عددی طرح اسکناس های سری اول قاجار
1807770	NUMISMATIC	780000	esam	L1_inherit	اسکناس های قاجاری سری اول کامل تک سری 11 عدد با هم
1707443	NUMISMATIC	765321	esam	L2_ai_cache	مدال کوروش 2500 سال شاهنشاهی سلطنت پهلوی
1638752	NUMISMATIC	750000	esam	L2_ai_cache	ورق تمبر گونه های در حال انقراض سال 82 حیات وحش
1706925	NUMISMATIC	750000	esam	L2_ai_cache	جفت 5 هزاری جدیدخاندوزی فرزین رندکاهشی سوپربانکی
1706926	NUMISMATIC	750000	esam	L2_ai_cache	جفت 5 هزاری جدیدخاندوزی فرزین رندافزایشی سوپربانکی
1638791	NUMISMATIC	735000	esam	L2_ai_cache	3 قطعه شاهی و 1 قطعه سورشارژ
1706572	NUMISMATIC	719000	esam	L2_ai_cache	مجموعه 8 عددی اسکناس های رضا شاه پهلوی
917134	NUMISMATIC	700000	esam	L2_ai_cache	اسکناس 10 رینگت مالزی
1706208	NUMISMATIC	700000	esam	L2_ai_cache	اسکناس نایاب بانکی 1000 دینار یوگسلاوی 1993 م
1707690	NUMISMATIC	700000	esam	L2_ai_cache	پک اصیل ده دینار برنز رضا شاه کبیر درجه یک عالی
400783	NUMISMATIC	695000	esam	L1_inherit	34 عدد تمبر از دوران جورج ششم تا ملکه الیزابت دوم
1707275	NUMISMATIC	680000	esam	L2_ai_cache	مجموعه بازچاپ 8 عددی اسکناس های رضا شاه پهلوی
1707361	NUMISMATIC	680000	esam	L2_ai_cache	مجموعه 8 عددی اسکناس های رضا شاه پهلوی | بازچاپ
1707364	NUMISMATIC	680000	esam	L2_ai_cache	مجموعه 8 عددی طرح اسکناس های رضا شاه پهلوی
1707624	NUMISMATIC	680000	esam	L2_ai_cache	طرح اسکناس های رضا شاه 8 مدل با هم تک سری
1783391	NUMISMATIC	680000	esam	L2_ai_cache	اسکناس های رضا شاه پهلوی 8 مدل با هم تک سری
1807841	NUMISMATIC	680000	esam	L2_ai_cache	اسکناس های رضا شاه 8 مدل با هم تک سری
1807890	NUMISMATIC	680000	esam	L2_ai_cache	مجموعه 8 عددی اسکناس های رضا شاه پهلوی
1756197	NUMISMATIC	670000	esam	L2_ai_cache	2 بسته هزاری حافظیه شیراز ( توضیح دارد)
1707716	NUMISMATIC	660000	esam	L2_ai_cache	دویست ریال یقه نظامی شماره قشنگ
1707831	NUMISMATIC	659000	esam	L2_ai_cache	3 قطعه تمبر آکبند عروسی شاه و فوریه پهلوی
1806866	NUMISMATIC	659000	esam	L2_ai_cache	4 بلوک تمبر آکبند پهلوی
1706226	NUMISMATIC	650000	esam	L2_ai_cache	100 ریال واریته رنگ 1333 پهلوی بهترین نمونه وار.داتی
1756230	NUMISMATIC	640000	esam	L2_ai_cache	تریپل ایران چک 200 هزاری چوگان
1638667	NUMISMATIC	630000	esam	L2_ai_cache	پانصد ریال سورشارژ شماره قشنگ
1707976	NUMISMATIC	604000	esam	L2_ai_cache	22 قطعه تمبر آکبند پهلوی
1660532	NUMISMATIC	600000	esam	L2_ai_cache	اسکناس 5 دینار لیبی پلیمری سوپربانکی
71595	NUMISMATIC	599000	esam	L2_ai_cache	100 ریال پدر و پسر
1660411	NUMISMATIC	599000	esam	L2_ai_cache	ورق تمبر صد عددی آکبند فاجعه بمباران مدارس 1366
1660417	NUMISMATIC	599000	esam	L2_ai_cache	ورق تمبر صد عددی آکبند هفته بانکداری اسلامی 1366
1683111	NUMISMATIC	599000	esam	L2_ai_cache	ورق تمبر صد عددی آکبند سال جهانی ارتباطات 1362
1683121	NUMISMATIC	599000	esam	L2_ai_cache	ورق تمبر صد عددی آکبند روز معلم 1362
1708328	NUMISMATIC	599000	esam	L2_ai_cache	ورق تمبر صد عددی آکبند روز جهانی ارتباطات 1366
32999	NUMISMATIC	595000	esam	L2_ai_cache	3 جفت (6 عدد) 500 ازبکستان سریال سوپربانکی
361638	NUMISMATIC	590000	esam	L2_ai_cache	100 عدد تمبر مهر خورده شاهی و تمبر قاجاری هدیه
1332603	NUMISMATIC	588000	esam	L2_ai_cache	تمبر چاپی قاجار سوشارژ کمیاب وارو 5 روی 10 قران
1705903	NUMISMATIC	586000	esam	L2_ai_cache	بسته اسکناس دوهزار تومانی سوپر بانکی
1756102	NUMISMATIC	569860	esam	L2_ai_cache	اسکناس بسیارزیباوکلکسیونی وشماره زیبا 500 روپیه هند
1638580	NUMISMATIC	565000	esam	L2_ai_cache	جفت تراول 200 هزار تومانی سوپربانکی 699
1638690	NUMISMATIC	550000	esam	L2_ai_cache	ده ریال بانک مرکزی شماره قشنگ
1708280	NUMISMATIC	550000	esam	L2_ai_cache	پنج برگ تک اسکناس ونزوئلا
1806790	NUMISMATIC	550000	esam	L2_ai_cache	3 بسته اسکناس 10000 ریالی حافظیه
1707755	NUMISMATIC	549000	esam	L2_ai_cache	30 بلوک تمبر آکبند دهه 60
1660789	NUMISMATIC	543221	esam	L2_ai_cache	اسکناس امپراطوری تزار مقارن قاجار سایز بزرگ
1707551	NUMISMATIC	540000	esam	L2_ai_cache	جفت بیست ریال شکارگاهی شماره قشنگ
1707490	NUMISMATIC	539000	esam	L2_ai_cache	سکه قدیمی و بسیار کمیاب 1 سنت آمریکا 1943
1706427	NUMISMATIC	535000	esam	L2_ai_cache	2 بسته سوپر بانکی .( توضیح دارد،)
1708005	NUMISMATIC	528000	esam	L2_ai_cache	بلوک تمبر کمیاب و ارزشمند مالیه قاجاری تصدیق
1707543	NUMISMATIC	520000	esam	L2_ai_cache	جفت اسکناس 20 دلار لیبریا (شماره پشت هم)
1707603	NUMISMATIC	520000	esam	L2_ai_cache	هزار ریال شونه پهن شبه سه قلو
1707766	NUMISMATIC	516000	esam	L2_ai_cache	28 بلوک تمبر آکبند دهه 60
1756108	NUMISMATIC	514321	esam	L2_ai_cache	8 سکه بانکی قدس بزرگ ضرب مکرر جلای طلایی طبیعی کم
1707867	NUMISMATIC	504000	esam	L2_ai_cache	دلار آمریکا 2009 یک جفت با یک فاصله
1638767	NUMISMATIC	500000	esam	L2_ai_cache	ورق تمبر اسبهای اصیل ایرانی سال 81
1707590	NUMISMATIC	500000	esam	L2_ai_cache	پنجاه ریال یقه نظامی چهار رقم یکی از بسته رند
1708285	NUMISMATIC	500000	esam	L2_ai_cache	4 برگ اسکناس تک ونزوئلا
1706229	NUMISMATIC	499000	esam	L2_ai_cache	اسکناس 500 ریال سورشارژ کمیاب
1707966	NUMISMATIC	499000	esam	L2_ai_cache	تمبر چاپی قاجاری 2 شاهی سوشارژ کمیاب p.L
1707436	NUMISMATIC	485000	esam	L2_ai_cache	ست 6 عددی سوریه خشک سوپربانکی
1707521	NUMISMATIC	485000	esam	L2_ai_cache	تمبر چاپی قاجار سوشارژ وارو 5 قران رو 2 شاهی ح کوچک
1705807	NUMISMATIC	480000	esam	L2_ai_cache	حراج دو برگ اسکناس خاص و کمیاب عراقی
1708044	NUMISMATIC	477000	esam	L2_ai_cache	تمبر 50 قران مظفری سوشارژ کمیاب 5 قران
36508	NUMISMATIC	475000	esam	L2_ai_cache	ست 10 برگ اسکناس بانکی جمهوری
1638877	NUMISMATIC	475000	esam	L2_ai_cache	2 عددبلوک تمبر سوپر دفترسازمان جهانی بهداشت درژنو
1171914	NUMISMATIC	439000	esam	L1_inherit	16 قطعه تمبر آکبند پهلوی
1172059	NUMISMATIC	384000	esam	L1_inherit	14 قطعه تمبر آکبند پهلوی
32402	NUMISMATIC	355000	esam	L1_inherit	16 عدد اسکناس (8 جفت)یادگار چین
1638508	NUMISMATIC	279000	esam	L2_ai_cache	سکه برنجی از ناصرالدین شاه قاجار
1708331	NUMISMATIC	279000	esam	L2_ai_cache	تک اسکناس قدیمی و کمیاب 1 ریال عربستان
1707751	NUMISMATIC	278321	esam	L2_ai_cache	کسر یک یکم جفت هزاری آخرین حد نایاب ش زیبا
1707526	NUMISMATIC	278000	esam	L2_ai_cache	تمبر ارزشمند احمدی 12 روی 6 شاهی سورشارژ کمیاب 1335
1707511	NUMISMATIC	277000	esam	L2_ai_cache	اولین تمبر قطعه ای آلمان فوق کمیاب و ارزشمند
1707756	NUMISMATIC	277000	esam	L3_queue	تمبر احمدی سوشارژ 6 رو 24 شاهی کنترل
1707978	NUMISMATIC	277000	esam	L2_ai_cache	تمبر زیبا و کمیاب مشروطه قاجاری ارورکادر 5 قران
1706304	NUMISMATIC	275000	esam	L2_ai_cache	ست 6 عددی جمهوری سوپربانکی
1368647	NUMISMATIC	270000	esam	L2_ai_cache	مینی شیت زیبای تمبر بدون دندانه حیوانات تانزانیا
1683120	NUMISMATIC	270000	esam	L2_ai_cache	ست سه برگ اسکناس ارزشمند سوریه
1707832	NUMISMATIC	269000	esam	L2_ai_cache	تمبر احمدی 3 شاهی شوشارژ السلطان محمدعلی شاه
1707580	NUMISMATIC	264321	esam	L2_ai_cache	سکه 5 ریال مصدقی سال 1336 پهلوی کمیاب
35080	NUMISMATIC	261000	esam	L2_ai_cache	تک اسکناس 500 اوقیه موریتانی سایز بزرگ
1706522	NUMISMATIC	259000	esam	L2_ai_cache	اسکناس قاجاری طرح ست 6 عددی
1807609	NUMISMATIC	259000	esam	L2_ai_cache	اسکناس قاجاری ست 6 عددی
1638364	NUMISMATIC	254321	esam	L2_ai_cache	اسکناس قاره اروپا کمیاب قدیمی
1707608	NUMISMATIC	252000	esam	L2_ai_cache	اسکناس کمیاب و ارزشمند ترکیه
35264	NUMISMATIC	250000	esam	L2_ai_cache	سکه 10 کرون سوئد قدیمی
1638455	NUMISMATIC	250000	esam	L2_ai_cache	اسکناس 2 گریونا اوکراین
1638647	NUMISMATIC	250000	esam	L2_ai_cache	سکه سایز بزرگ مکزیک 1944
1660400	NUMISMATIC	250000	esam	L2_ai_cache	اسکناس 1000 وون کره شمالی سوپربانکی
1660488	NUMISMATIC	250000	esam	L2_ai_cache	ست 6 برگ اسکناس کمیاب ایرانی
1660503	NUMISMATIC	250000	esam	L2_ai_cache	دو برگ تک اسکناس زیبای سومالی و لبنان
1706336	NUMISMATIC	250000	esam	L2_ai_cache	مجموعه 10 عدد سکه تمیز دوره جمهوری ایران
1706920	NUMISMATIC	250000	esam	L2_ai_cache	جان لنون سری کامل جبل طارق 1999 م 090 پوند
1706792	NUMISMATIC	249000	esam	L2_ai_cache	سکه روکش نقره ملکه الیزابت با کپسول مخصوص
1707744	NUMISMATIC	248000	esam	L2_ai_cache	تک تمبر احمدی دو شاهی سوشارژ کمیاب افیسل
1707545	NUMISMATIC	247000	esam	L2_ai_cache	تمبر ارزشمند احمدی سورشارژ کمیاب 1335
1708154	NUMISMATIC	247000	esam	L2_ai_cache	سری اسکناس زیبا و کمیاب افغانستان
1638613	NUMISMATIC	245000	esam	L2_ai_cache	سکه روکش طلای یادبود هیتلر و موسولینی
1707931	NUMISMATIC	242000	esam	L2_ai_cache	تمبر مشروطه قاجار سوشارژ کمیاب چاپارخانه
36420	NUMISMATIC	240000	esam	L2_ai_cache	اسکناس 100 فرانک کنگو جفت بانکی
1707498	NUMISMATIC	239000	esam	L2_ai_cache	سکه برنجی بمناسبت سال حاکمیت نفت با تاریخ 1352
1706374	NUMISMATIC	238000	esam	L2_ai_cache	سکه روکش نقره المان نازی. سوپر بانکی در کپسول خاص
1707501	NUMISMATIC	236000	esam	L2_ai_cache	سکه لیبرتی آمریکا با کپسول محافظ خارجی
1660497	NUMISMATIC	235000	esam	L2_ai_cache	مجموعه 13 بلوکه از تمبر های سال 1367
1660831	NUMISMATIC	234321	esam	L2_ai_cache	جفت اسکناس بانکی چین قدیم سال 1980 بسیار کمیاب
1706664	NUMISMATIC	234000	esam	L2_ai_cache	تمبر هفته کودک 1350
34199	NUMISMATIC	230000	esam	L2_ai_cache	100 روپیه هندوستان
111831	NUMISMATIC	229000	esam	L2_ai_cache	500 ریال شانه پهن تمامی مزایده ها بدون کنسلی هستند
1638511	NUMISMATIC	229000	esam	L2_ai_cache	سکه نو و تمیز پنج پهلوی
1638512	NUMISMATIC	229000	esam	L2_ai_cache	سکه برنجی بمناسبت سال حاکمیت نفت با تاریخ 1352
1638517	NUMISMATIC	229000	esam	L2_ai_cache	سکه بایتمال یادبود جشن تاجگذاری شاه و فرح
1247016	NUMISMATIC	225000	esam	L2_ai_cache	تمبر زیبای احمدی ارور کادر 12 شاهی سوشارژ کنترل
1707558	NUMISMATIC	221221	esam	L2_ai_cache	سکه سال 1321 پهلوی بسیار کمیاب
36539	NUMISMATIC	220000	esam	L2_ai_cache	جفت 10 روبل روسیه بانکی
1638328	NUMISMATIC	219000	esam	L2_ai_cache	ورق تمبر آکبند هفته محیط زیست 1362
1660653	NUMISMATIC	219000	esam	L2_ai_cache	ورق تمبر آکبند میلاد حضرت محمد هفته وحدت 1363
1660655	NUMISMATIC	219000	esam	L2_ai_cache	ورق تمبر پنجاه عددی آکبند عید فطر 1363
1660656	NUMISMATIC	219000	esam	L2_ai_cache	ورق تمبر آکبند بزرگداشت سلیمان خاطر محمد 1364
1660658	NUMISMATIC	219000	esam	L2_ai_cache	ورق تمبر آکبند بزرگداشت میلاد حضرت مسیح 1360
1660826	NUMISMATIC	219000	esam	L2_ai_cache	ورق تمبر آکبند عید قربان 1363
1660888	NUMISMATIC	219000	esam	L2_ai_cache	ورق تمبر پنجاه عددی آکبند هفته دولت 1362
1660994	NUMISMATIC	219000	esam	L2_ai_cache	ورق تمبر آکبند روز اتحادیه جهانی پست 1363
34919	NUMISMATIC	200000	esam	L2_ai_cache	سورشارژ 5 شاهی کتاب 12 میلیون بی شارنیه بدون رز.رو
1638582	NUMISMATIC	200000	esam	L2_ai_cache	اسکناس 5 یوان چین
1706174	NUMISMATIC	200000	esam	L2_ai_cache	جفت 5 هزاری جدید خاندوزی فرزین سریال کاهشی سوپر
1706244	NUMISMATIC	200000	esam	L2_ai_cache	سکه 25 سنت کانادا چارلز 2024
1660581	NUMISMATIC	146250	esam	L2_ai_cache	اسکناس قدیم کاغذی 20 نایرا نیجریه
1708112	NUMISMATIC	145000	esam	L2_ai_cache	تک تمبر چاپی قاجار مهر 8 ضلعی 5 شاهی
1706333	NUMISMATIC	143321	esam	L2_ai_cache	10 سکه بانکی تاریخ کمیاب 1365 جمهوری ت
1708113	NUMISMATIC	139980	esam	L2_ai_cache	اسکناس زیبا سوپریانکی کمیاب جنیه مصر
1320514	NUMISMATIC	139000	esam	L2_ai_cache	تمبر زیبا و ارزشمند و کلاسیک مجارستان کمیااااب 1972
1708072	NUMISMATIC	138000	esam	L2_ai_cache	بلوک تمبر زیبای همکاری عمران دوره پهلوی
1706661	NUMISMATIC	135000	esam	L2_ai_cache	تمبر هفته کودک 1350
35291	NUMISMATIC	130000	esam	L2_ai_cache	سکه 10 گروشن اتریش قدیمی
35451	NUMISMATIC	130000	esam	L2_ai_cache	سکه 10 فرانک فرانسه بایمتال
1731046	NUMISMATIC	129560	esam	L2_ai_cache	اسکناس زیبا وارزشمند سری حیوانات آرژانتین
1756101	NUMISMATIC	129321	esam	L2_ai_cache	سکه قاره آفریقا مقارن پهلوی
1683130	NUMISMATIC	129000	esam	L2_ai_cache	اسکناس صدی نوربخش.عادلی 224
1706825	NUMISMATIC	129000	esam	L2_ai_cache	جفت تمبر کمیاب از پست هوایی امریکا
1806390	NUMISMATIC	129000	esam	L2_ai_cache	تمبر کمیاب و ارزشمند ظاهرشاه افغانستان
1708008	NUMISMATIC	128960	esam	L2_ai_cache	سکه کمیاب 50 کروشن اتریش 1989
1250215	NUMISMATIC	128950	esam	L2_ai_cache	اسکناس نایاب 500 افغانی بنفش کلکسیونی
1661073	NUMISMATIC	128000	esam	L2_ai_cache	پک 4 عددی تمبر زیبای شاهی
1708142	NUMISMATIC	128000	esam	L2_ai_cache	تک تمبر چاپی قاجار مهر 8 ضلعی 2 شاهی
1706466	NUMISMATIC	126321	esam	L2_ai_cache	سکه داس چکش سی سی پی اروپا رقم بالا عصر پهلوی
1638716	NUMISMATIC	125000	esam	L2_ai_cache	4 عددسکه 5000 ریالی بازار سرمایه سوپربانکی
1705919	NUMISMATIC	125000	esam	L2_ai_cache	تمبر پستی هوایی ایالات متحده آمریکا 1959
1706669	NUMISMATIC	125000	esam	L2_ai_cache	سری تمبر گلها 1352
1708057	NUMISMATIC	125000	esam	L2_ai_cache	تمبر فوق کمیاب و کلاسیک عربستان سعودی
1756097	NUMISMATIC	125000	esam	L2_ai_cache	تمبر نو و قدیمی کوپرنیک
1638329	NUMISMATIC	124000	esam	L2_ai_cache	اسکناس فرقه دموکرات آذربایجان پنج بش تومان 90 درصد
1368577	NUMISMATIC	123321	esam	L2_ai_cache	تمبر عالی 12 شاهی تاجگذاری احمدشاه قاجار کمیاب
1707719	NUMISMATIC	123321	esam	L2_ai_cache	تمبر نیمرخ سبز پهلوی
1708313	NUMISMATIC	123321	esam	L2_ai_cache	تمبر نو تصویر شاه پهلوی نوع کمیاب
1706210	NUMISMATIC	122350	esam	L2_ai_cache	بلوک زیبا وارزشمند بواتال ناصری
1660478	NUMISMATIC	120000	esam	L2_ai_cache	تک اسکناس قدیمی و کمیاب 1 منات آذربایجان
1706277	NUMISMATIC	120000	esam	L2_ai_cache	جفت اسکناس چین
1707519	NUMISMATIC	120000	esam	L2_ai_cache	2 برگ اسکناس شماره قشنگ
1707708	NUMISMATIC	120000	esam	L2_ai_cache	سکه پادشاهی تایلند
1708096	NUMISMATIC	120000	esam	L2_ai_cache	سکه زیبا وقدیمی عبدالله بن حسین اردن
1756096	NUMISMATIC	119896	esam	L2_ai_cache	اسکناس زیبا وکمیاب 20 روپیه هند
1638552	NUMISMATIC	119321	esam	L2_ai_cache	سکه آمریکا لیبرتی عالی تاریخ رند 1999
1706364	NUMISMATIC	119321	esam	L2_ai_cache	سه سکه حد نو سیمرغ بایمتال کمیاب
1707532	NUMISMATIC	118000	esam	L2_ai_cache	تک اسکناس زیبا و کمیاب نیجریه
1708132	NUMISMATIC	118000	esam	L2_ai_cache	تک تمبر چاپی قاجار مهر 8 ضلعی یک شاهی
1708178	NUMISMATIC	118000	esam	L2_ai_cache	دو تک اسکناس زیبا و کمیاب افغانستان
34824	NUMISMATIC	115690	esam	L2_ai_cache	اسکناس سوپربانکی 10 نایرا پلیمیری نیجریه
1731100	NUMISMATIC	115000	esam	L2_ai_cache	تمبر نو و قدیمی انجمن اولیاومربیان
1638697	NUMISMATIC	114321	esam	L2_ai_cache	سکه تصویر پهلوی سال 1350
1756205	NUMISMATIC	114321	esam	L2_ai_cache	سکه قلب مبارکباد پهلوی کمیاب
1706428	NUMISMATIC	112000	esam	L2_ai_cache	100 برگ اسکناس 2000 ریالی تظاهراتی
1284331	NUMISMATIC	110000	esam	L2_ai_cache	سکه 10 پنیا فنلاند
1284436	NUMISMATIC	110000	esam	L2_ai_cache	سکه 10 دینار یوگوسلاوی قدیمی
1660458	NUMISMATIC	110000	esam	L2_ai_cache	4 عدد سکه 250 ریالی بای متال با کیفیت
1706347	NUMISMATIC	110000	esam	L2_ai_cache	سکه 25 سنت یادبودی نایاب آمریکا 2008(1301)
1708249	NUMISMATIC	110000	esam	L2_ai_cache	جفت اسکناس سوپر بانکی کمیاب صد تومانی
1806094	NUMISMATIC	110000	esam	L2_ai_cache	سکه 25 سنت یادبودی نایاب آمریکا 1999(1301)
1806104	NUMISMATIC	110000	esam	L2_ai_cache	سکه 25 سنت یادبودی نایاب آمریکا 2000(1301)
1099977	NUMISMATIC	109869	esam	L2_ai_cache	اسکناس سوپربانکی کمیاب 500 دونگ ویتنام
1707027	NUMISMATIC	109850	esam	L2_ai_cache	اسکناس قدیم وکمیاب دینار عراق
1683106	NUMISMATIC	109000	esam	L2_ai_cache	اسکناس نوربخش عادلی کسر 104
71798	NUMISMATIC	108560	esam	L2_ai_cache	اسکناس کمیاب 10 روپیه هند
1706230	NUMISMATIC	107000	esam	L2_ai_cache	6 تمبر ارزشمند رایش مصرف شده
1706397	NUMISMATIC	105000	esam	L2_ai_cache	سکه 50 اوره سوئد دو طرح متفاوت
1708162	NUMISMATIC	105000	esam	L2_ai_cache	سکه زیبا وکمیاب 20 استرالیا
34341	NUMISMATIC	100000	esam	L2_ai_cache	اسکناس 500 ریالی نمازی الله با یکشماره فاصله
1638804	NUMISMATIC	100000	esam	L2_ai_cache	تمبر مصرف نشده کلاسیک و باارزش آلمان رایش
1706295	NUMISMATIC	100000	esam	L2_ai_cache	اسکناس جفت پونصدی تظاهراتی سوپربانکی
1706472	NUMISMATIC	100000	esam	L2_ai_cache	6 بسته اسکناس جمهوری کیفیت ها مختلف
1706498	NUMISMATIC	100000	esam	L2_ai_cache	4 بسته 100 تایی اسکناس 20000 ریالی جمهوری
1707711	NUMISMATIC	100000	esam	L2_ai_cache	سکه 2 دنار مقدونیه
1707842	NUMISMATIC	100000	esam	L2_ai_cache	سکه یادبود عید
32923	PERSONAL_CARE	215000	esam	L2_ai_cache	مزایده 10 جفت گیره مو زیبا
1705920	PERSONAL_CARE	135000	esam	L2_ai_cache	مزایده تل کشی و سه تا گیره مو
1708084	PERSONAL_CARE	135000	esam	L2_ai_cache	مزایده 6 عدد کلیپس مو سایز کوچک
1707915	RAW_COMPONENT	140000	esam	L2_ai_cache	رله دوبل سمند و پژو
1660566	TOOLS	4600000	esam	L2_ai_cache	آچار آمریکایی جغجغه از دست نده حیفه
1660643	TOOLS	3900000	esam	L2_ai_cache	فرز نجاری ژاپنی اصلی اصلی فابریک
1705880	TOOLS	2000000	esam	L2_ai_cache	رابط افزایش طول بکس امریکایی S.K درایو 34
733545	TOOLS	870000	esam	L2_ai_cache	شکار جعبه بکس 46 تکه
1442608	TOOLS	870000	esam	L2_ai_cache	مجموعه بکس و سری پیچگوشتی 46 پارچه
1577821	TOOLS	865000	esam	L2_ai_cache	پک بکس 46 پارچه
1638878	TOOLS	865000	esam	L2_ai_cache	جعبه بکس آکبند پالاس
1706985	TOOLS	865000	esam	L2_ai_cache	پک آچار بکس و سری پیچگوشتی 46 پارچه
1707888	TOOLS	790000	esam	L2_ai_cache	ست آچار آکبند مارک دیاموند
1706790	TOOLS	685000	esam	L2_ai_cache	ست مته گردبر چوب (درجه یک در 8 سایز کاربردی)
879707	TOOLS	620000	esam	L2_ai_cache	مزایده پک کامل بکس و سری پیچگوشتی 46 تیکه
1247551	TOOLS	535000	esam	L2_ai_cache	مزایده جعبه بکس 46 تایی
33688	TOOLS	486000	esam	L2_ai_cache	جعبه بکس 46 پارچه
32805	TOOLS	240000	esam	L2_ai_cache	آچار آلن 8 تایی درجه یک ( سایز 2 الی 10 میلیمتر )
35859	TOOLS	215000	esam	L2_ai_cache	ست آچار آلن 8 تایی درجه یک ( از 2 الی 10 میلیمتر )
1638643	TOOLS	200000	esam	L2_ai_cache	5 عدد قیچی دالبر
1660764	TOOLS	200000	esam	L2_ai_cache	2 عدد قیچی
1099831	TOOLS	117000	esam	L2_ai_cache	مزایده.انبر قفلی سایز 10 روکش دار
1660910	TOY	2240000	esam	L2_ai_cache	تخته نرد 50×50 استاندارد،طرح سیمرغ،چرمی و لوکس
223043	TOY	860000	esam	L1_inherit	فیگور شترمرغ قدیمی 13 سانتی
1706944	TOY	845000	esam	L2_ai_cache	عروسک زیبای لبوبو با کیفیت مناسب هدیه
1638805	TOY	500000	esam	L2_ai_cache	ماکت فلزی فورد موستانگ برند کینیزمارت
1638813	TOY	500000	esam	L2_ai_cache	ماکت فلزی شورولت بل ایر 1957 کلاسیک برند کینزمارت
917006	TOY	499000	esam	L2_ai_cache	فیگور 12 سانتی خاص گنگ
1660823	TOY	450000	esam	L3_queue	اسباب بازی ساختنی لگو
